sentiment,text
Felice,Finalmente una buona notizia ğŸ‰ ğŸ‰ğŸ‰ğŸ‰
Felice,GODO!
Felice,Finalmente !!!!
Neutrale,Spicci
Contro Chiara Ferragni,"La multa la dovrebbero pagare tutti quei ML di beoni che pendono dalle sue labbra.

#pensatevifessi"
Felice,"Ammiro la coppia per la loro generositÃ  , e gli ringrazio per il bene che hanno fatto e che fanno . Bravi ."
Neutrale,Mandiamoli anche a Sanremo...mi raccomando....vero amadeus (anzi Fiorello...)...
Neutrale,"Mi fa tristezza la quantitÃ  di tutti gli adepti di questi due esseriâ€¦, ma sarÃ  colpa delle regole, figurarsi se questi sbagliano per i loro sudditiâ€¦"
Felice,Complimenti...
Felice,Finalmente!!!!!!!!!
Felice,Ottimo!
Felice,BravağŸ‘ questo Ã¨ il giusto businessğŸ˜‚
Felice,Brava Ferragna!!!!
Neutrale,Grazie a Selvaggia Lucarelli ğŸ‘ğŸ‘
Neutrale,Nulla a confronto del guadagno effettivo
Neutrale,Bellissimo godo
Felice,Finalmente
Pro Chiara Ferragni,"E brava furba, complimenti!"
Felice,Benissimo !!!!!!ğŸ™ˆ
Felice,ğŸ˜‚ğŸ˜‚ğŸ˜‚ Bene!!!!
Felice,Complimenti!
Non Classificato,Gravissimo
Neutrale,I primiâ€¦.
Felice,Benissimo
Neutrale,La Santa Chiara...
Neutrale,Strunsa
Felice,Complimenti
Pro Chiara Ferragni,â€¦eeebbbrava la ferragniâ€¦
Felice,Godo
Felice,Complimenti
Pro Chiara Ferragni,Che bella persona ğŸ¤¦
Neutrale,#pensatevievasori
Neutrale,Evviva
Neutrale,Fiction
Neutrale,Bene
Felice,ğŸ¯ğŸ‘ğŸ‘ğŸ‘ğŸ‘ğŸ‘
Felice,ğŸŠğŸŠğŸ‰ğŸ‰ğŸ•ºğŸ’ƒğŸ¾ğŸ¥‚
Neutrale,Simona
Neutrale,Alessia Di Gregorio ğŸ˜
Neutrale,Oooohhhh oooohh oohhhhhhh
Neutrale,"Godogodo
Godo"
Felice,I rossi colpiscono ancora ğŸ˜
Neutrale,"Per lei, spiccioli"
Neutrale,Capirai la paura..
Neutrale,"Una montagna di ricchezza Ã¨ polvere di vento al cospetto di un uomo onesto.
Romano Battaglia, Lâ€™uomo che vendeva il cielo, 2011"
Neutrale,ğŸ˜‚ğŸ˜‚ğŸ˜‚ğŸ˜‚ğŸ˜‚ğŸ˜‚ğŸ˜‚
Felice,Finalmente
Felice,ğŸ‘ğŸ‘ğŸ‘ğŸ‘ğŸ‘
Neutrale,Mangia pane e volpe presentandosi come un Angelo.
Neutrale,Ringraziate Selvaggia Lucarelli !
Neutrale,ğŸ¤¦ğŸ¼â€â™€ï¸ğŸ¤¦ğŸ¼â€â™€ï¸ğŸ¤¦ğŸ¼â€â™€ï¸
Felice,Mamma mia che gusto ğŸ¥°
Felice,"Che belle persone, di cuore"
Neutrale,Dipendenza venialeâ€¦.
Neutrale,Ãˆ pronta per fare la premier
Neutrale,Alessandra âœˆï¸
Neutrale,Aggiornatevi
Felice,Ottimo
Felice,Che sia solo l inizio!!!
Neutrale,"Una volta câ€™erano Rita Levi Montalcini, Margherita Hack, Fabiola Gianotti, Samantha Cristoforetti ecc."
Neutrale,Vedremo se Ã¨ cosÃ¬ â€¦.
Neutrale,Ãˆ sempre un magna magna
Contro Chiara Ferragni,LA BARBIE colta in castagna....mai sopportata....
Felice,Brava complimenti
Neutrale,E va beh...
Neutrale,Pensati Wanna
Neutrale,Ben fatto
Neutrale,La Ferragni fa molto in gola i soldi
Felice,Ti auguro un magico Natale ğŸ„
Neutrale,il paese dei Balocco
Neutrale,ğŸ¤£ğŸ¤£ğŸ¤£ğŸ¤£ğŸ¤£
Neutrale,Bene.......
Neutrale,Non ci rendiamo conto di quanto sia dura la vita dellâ€™influencerâ€¦ğŸ˜µâ€ğŸ’«
Neutrale,Dopo San remo c Ã¨ San Vittore....
Neutrale,Poco  !!!!
Neutrale,Cosa saranno un milione per la Ferragni?!!ğŸ˜ Fa parte del gioco!
Pro Chiara Ferragni,Brava
Felice,Finalmente una buona notizia
Felice,..e ancora e ancora!!! ğŸ’¸ğŸ’¸ğŸ’¸
Neutrale,Ecco la vera faccia della beneficenza
Neutrale,Sempre pensato che questa ha  la fortuna di vivere in un mondo dove il rincoglionimento di molti li porta a seguire le influencer
Neutrale,"E tutti i nostri politici , manager, presidenti di aziende importanti, ecc.ecc. anche se condannati hanno mai pagato la loro pena? A parte pochi , hanno mai fatto della beneficenza? Con questo non voglio dire che il comportamento della Ferragni sia giusto , ma ci sono stati e ci sono delle persone che hanno fatto cose molto, molto peggiori di questo!"
Neutrale,Questo fa. Da sempre.
Non Classificato,Mbrogghiuna
Neutrale,"""Fanno tanta beneficenza"" cit."
Neutrale,Pensati tricky
Contro Chiara Ferragni,"Nello specifico la donazione avrebbe dovuto contribuire ad acquistare un macchinario per le cure terapeutiche dei bambini affetti da osteosarcoma. Insomma, la Ferragni ama arricchirsi sulle spalle dei bambini, a cominciare dai suoi figli, esche prelibate lanciate quotidianamente dai suoi social."
Neutrale,La colpa non Ã¨ sua. Ma di chi la segue
Neutrale,giusto
Neutrale,Aspetto video indinnnniato di Federico
Felice,Ottimo direi ğŸ˜‰
Neutrale,Questa Ã¨ la societÃ  di oggi
Neutrale,Da Balocco a Farlocco Ã¨ un attimo.
Neutrale,"Non mi piace e non la seguo, trovo che quello che hanno fatto sia sbagliatissimo se corrisponde a veritÃ . 
Ma trovo altrettanto meschine queste esultanze da stadio in tanti commenti. 
Ho letto che si adempiono spesso in campagne di beneficenza con ottimi risultati e non capisco perchÃ© in questo caso assumere questo comportamento."
Neutrale,L'obiettivo di chi fa beneficenza pubblica Ã¨  soltanto questo
Neutrale,So cavoli!!!
Contro Chiara Ferragni,Fai pena
Neutrale,Furbetta multata!!  Molto bene!!
Neutrale,Ogni tanto una buona notizia
Neutrale,Ci faranno una puntata su prime e recuperano tuttoğŸ˜™
Neutrale,Giusta sanzione
Neutrale,"Il modello che una certa parte della societÃ  italiana segue , ovviamente con i Mass media a rimorchio. I risultati si vedono , tutti . Wanna marchi in passato ha spiegato abbondantemente come vanno trattate certe categorie di persone. Ha tristemente ragione"
Neutrale,Nel paese dei Balocchi
Neutrale,"Sara Sidoti Ã¨ chiaro che tra Balocco e Ferragni, la beneficienza si perde.
Meglio affidarsi alle Onlus serie!"
Neutrale,un paese libero e liberale ğŸ˜
Neutrale,"Per quale motivo, allora, Ã¨ stata multata anche la Balocco , sempre che sia vera la notizia ...... purtroppo non si sa piÃ¹ a cosa credere ."
Contro Chiara Ferragni,"E complici sono tutti i vostri followers! Farei pagare anche a loro, cosÃ¬ inizierebbero a comprendere la reale natura e provenienza della vostra (ingiustificata) ricchezza. Ora sborsate il milione e giustizia Ã¨ fatta! In futuro imparate piÃ¹ a rigare dritto!"
Neutrale,Le vostre scuse aspettiamo.
Felice,Orrore
Neutrale,Ma per la Repubblica e altre testate giornalistiche non era solo â€œInvidia e attacco â€œ di Selvaggia Lucarelli ? (come tutte le sue inchieste lâ€™altro)  Meditate .
Neutrale,Donatella Orlandi Buon   pomeriggio
Pro Chiara Ferragni,Vai avanti Chiara ğŸ’ª
Neutrale,Con tutto il bene che fanno con le beneficenze puÃ² succedere .io spero in uno sbaglio.ragazzi fantastici
Neutrale,Mo glieli porta in contanti
Neutrale,Brava ...approfittare di queste cose .....noooo non si puÃ² ....
Neutrale,E sempre un magna magna
Neutrale,Che bella figura eh....
Neutrale,"Non si capisce piÃ¹ niente. Non si deve mischiare il business con la beneficenza, Ã¨ scorrettissimo.
Ci sono giÃ  i politici che ci imbrogliano.
Fingono di occuparsi degli italiani, ma in realtÃ  pensano solo a coltivare l""orticello."
Felice,"Brava, Ã¨ bravi a tutti i suoi fans. Ma complimentiğŸ¤£ğŸ¤£ğŸ¤£ğŸ¤£ğŸ¤£ğŸ¤£ğŸ¤£ğŸ˜‚ğŸ˜‚ğŸ˜‚ğŸ˜‚"
Neutrale,Che dicono i suoi seguaci? ğŸ˜
Neutrale,La beneficenza ahahhaah
Neutrale,"A questo punto, ci sarÃ  da fare per l'Antitrust  ..."
Neutrale,Tutte brave persone!!!! Che gli possa capitare la stessa cosa che capita a chi doveva ricevere la beneficienza.
Contro Chiara Ferragni,Mai piaciuta
Felice,Finalmente una buona notizia
Felice,"dando la notizia sui social li ha riguadagnati in 5 minuti, brava la Repubblica"
Neutrale,"PiÃ¹ ne hanno di soldi piÃ¹ ne vogliono ancora e ancora con tutti i mezzi inclusi quelli immorali ğŸ™„ Ossessionati dal vedere il mucchio crescere e crescere fino a straripare senza averne bisognoâ€¦ 
Assurdo!"
Neutrale,ğŸ˜‚ğŸ˜‚ğŸ˜‚ğŸ˜‚ğŸ˜‚ğŸ˜‚ğŸ˜‚ğŸ˜‚ğŸ˜‚ğŸ˜‚ğŸ˜‚
Neutrale,Pensati multata
Neutrale,Una piccola soddisfazione. La loro beneficenza? Questa: basata sull inganno
Neutrale,Piccole Wanna Marchi crescono ğŸ˜‚
Pro Chiara Ferragni,"L""eroina delle donne!"
Neutrale,"per i redazionali dei giornali, mascherati da notizie, non sono previste sanzioni?"
Felice,Le notizie quelle belle
Neutrale,Mi aspetto una partecipazione dei fans  con un contributo via PayPal per la causa della poverina.
Neutrale,La pagheranno i pirlowers ehm..i followers la multa alla sfortunata Chiara. ğŸ˜Œ
Pro Chiara Ferragni,â€¦la fenomena!!!
Felice,Che goduria
Neutrale,Incredibile quanto si guadagni ad essere â€˜buoniâ€™â€™
Neutrale,Fate bene
Neutrale,"Ricordo le brutte parole che ho preso quando insistevo nel dire che la Ferragni era stata pagata per mettere una firma e  la beneficenza era fatta da balocco e dal consumatore che comperava fisicamente il prodotto.  
Aprite gli occhi boccaloni !!"
Felice,Per Natale lancerÃ  polpette e braciole griffate
Contro Chiara Ferragni,Ãˆ una persona avida di soldi
Neutrale,Mi ricorda Wanna Marchi ğŸ˜ğŸ˜
Neutrale,Monica Nami Di Febo
Neutrale,Pensati Wanna Marchi
Neutrale,Fatte i buoni ğŸ¤£ğŸ¤£ğŸ¤£ğŸ˜ğŸ˜ğŸ˜‚
Neutrale,#ibuoni
Contro Chiara Ferragni,Vergognosi tutti
Neutrale,"Li vedo sul pezzo sui panettoni. 
Quando si parla di evitare i monopoli sui voli di Natale o su roba nettamente piÃ¹ impattante ( energia elettrica, gas, etc.) desaparecidos questi dellâ€™Antitrust."
Neutrale,Sarebbe bello girare la multa in beneficenza
Neutrale,"Si vive benissimo anche senza balocco Ã¨ Ferragni. 

Chi sa perchÃ© tutta questa attenzione a cose secondarie"
Contro Chiara Ferragni,Ãˆ l'inzio della sua parabola discendente
Neutrale,Ma va? ğŸ˜‚ğŸ˜‚ğŸ˜‚ğŸ˜‚ğŸ˜‚
Neutrale,Giusto i soldi per lo smalto
Neutrale,Presa con le mani nella marmellata la novella Nilde Iotti
Contro Chiara Ferragni,Pensati DISONESTA!!!!
Contro Chiara Ferragni,Mi Ã¨ sempre stata cordialmente antipatica adesso ho avuto la conferma di che essere sia.
Neutrale,Finally
Neutrale,Pochi!!
Neutrale,"In America si aprirebbe le porte del carcere ,in Cina la galera a vita in Russia un bel gulag ..in Italia si passa poi alle scuse e il risarcimento danni"
Neutrale,E rient lâ€™anna care
Neutrale,"Da brividi..... 
Signori si nasce..  non lo si diventa nÃ© con i milioni, nÃ© con le ville al lago e sul grattacielo a Milano 
CHE POCHEZZA!!!!"
Contro Chiara Ferragni,Poveri allocchi che  seguite i suoi consigli
Neutrale,Pensati onesta ........ ğŸ˜‚
Neutrale,Festa nazionale per i rosiconi
Contro Chiara Ferragni,Imbrenditricidigitale
Neutrale,"Pensati libera, ma dalle fiamme gialle Francesco De Meis"
Neutrale,Lucrano veramente anche sui malati....mah...io invece della multa...che la sentono poco...i vari amm delegati farei fare 3 anni di volontariato...cosi...per variare e far capire come gira la societÃ  vera..
Neutrale,Se fanno tutti come noi che boicottano ogni cosa legata a certi influencer il mondo ne sarebbe assai piÃ¹ bello
Felice,Galera
Neutrale,Una parte della multa lo Stato dovrebbe donarla allâ€™Ospedale Regina Margheritaâ€¦.. anzi dovrebbe multare di piÃ¹ Ferragni & Co
Neutrale,Peggio della Santanche'
Neutrale,Pensati multata!
Neutrale,Facciamo subito una colletta per aiutarla
Neutrale,"Siamo burattini nelle loro maniâ€¦io non compro piÃ¹ nulla quando vedo superare ogni limite di manipolazione psichica.Terrore mediatico!Compro quello che ritengo buono,a prescindere da ogni pietismo"
Neutrale,La Soumahoro pallida dei diritti civili ğŸ¤£ğŸ¤£
Neutrale,La sanzione dovrebbero darla anche a chi ha comperato il panettone!
Felice,spiaze sempreğŸ¤£ğŸ˜‚
Contro Chiara Ferragni,Io la farei pagare anche a quelli che lo hanno comprato il pandoro Ferragni.. degrado umano..
Neutrale,PÃ¨nsati meno libera
Contro Chiara Ferragni,Cosa commentare.... se non la stupiditÃ  di chi la segue e  gli dÃ  importanza...
Contro Chiara Ferragni,La colpa Ã¨ di tutti gli allocchi che si lasciano infinocchiare da questo elemento.
Neutrale,"E il maritino fa il piangino, e vuole insegnare la vita
Come sem mi's"
Felice,e si gode
Neutrale,Poco!!!
Neutrale,Cappone griffato per cenone di anno nuovo...
Contro Chiara Ferragni,Fa la furbetta..
Contro Chiara Ferragni,"Celebrolesi , che seguono questi personaggi gaglioffi inutili e che rubano ad aria andrebbero a loro volta multati.
Gente che ambisce a voler essere follower o blogger merita la 104 ad honorem."
Contro Chiara Ferragni,Insopportabile
Neutrale,"La cosa che mi fa piÃ¹ sorridere Ã¨ che molti sono convinti che la Ferragni pagherÃ  questa multa, come loro pagano quelle per divieto di sosta. AndrÃ  sul suo conto online, farÃ  un MAV intestato all'Antitrust e poi bestemmierÃ  con gli amici del fatto che ci sono cose ben peggiori e vanno a fare proprio la multa a lei ? Un gruppo di societÃ  in cui c'Ã¨ la sua partecipazione nel consiglio di amministrazione e dove lei magari manco sa che campagne gestiscono, o se lo sa di certo non sta li di persona ad amministrare qualsiasi cosa, prende una multa per questione legate al business. Un gruppo di societÃ  che fatturano milioni di euro all'anno  assistite da fior di avvocati coi controcazzi, di certo non accetterÃ  cosÃ¬ a cuor leggero di pagarla. Stessa cosa per Balocco."
Neutrale,"Almeno i babbei la smetteranno di dire ""ma fanno pure beneficenza!""?"
Neutrale,Antonio Phi notizie top
Contro Chiara Ferragni,Una vergogna
Neutrale,"La maggior parte delle persone pensa che solo acquistando oggetti griffati sponsorizzati da certi personaggi conseguiranno una certa identitÃ  , stato sociale , libertÃ  e benessere â€¦.."
Contro Chiara Ferragni,Nessuno che ormai usa la propria testa e si fa abbindolare da personaggi del genere...
Pro Chiara Ferragni,La colpa non Ã¨ della Ferragni ma di tutti quelli che la seguono. Lei fa benissimo!
Neutrale,Sicuramente patisce
Contro Chiara Ferragni,La Ferragni si dovrebbe semplicemente vergognare.
Neutrale,"Ahahahahahahaahahahhhhahahahahahahaba.,. Fedez farÃ  un video a riguardo?????"
Contro Chiara Ferragni,Godo.
Neutrale,Se esistono gli o le influencer e solo grazie ai deficenter
Contro Chiara Ferragni,Che schifo di gente!
Neutrale,"Ma che ce ne importa?
Alla fine la Ferragni la finanzia chi compra il panettone almeno al doppio del suo valore.
Contenti loro! La beneficenza si puÃ² fare a chiunque, compresa la Ferragni!"
Neutrale,Complimenti ğŸ¤¡
Neutrale,La â€œbeneficenzaâ€ 2023/24
Neutrale,"Ma
MÃ¨i! Ma sbÃ²rat!"
Neutrale,Quest'anno tutti Melegatti
Neutrale,"Meno male, cominciavo a pensare che dietro ""questi intoccabili"" ci fosse qualcosa di molto grande e molto sospetto! Invece la legge Ã¨ uguale per tutti!"
Neutrale,Godo
Neutrale,Il paese dei Balocchi farlocchi.
Neutrale,Tarocco altro che Balocco ğŸ˜‚
Neutrale,Pandoro farlocco!
Neutrale,Ora aspettiamoci la predica moralista...
Neutrale,#FarloccoDonatiInDeficienza !!
Neutrale,Haha ha ha ha
Neutrale,Pensati Wanna Marchi ğŸ˜‚ğŸ˜‚ğŸ˜‚
Neutrale,"Da parte mia, evito di acquistare qualsiasi cosa da lei sponsorizzata"
Neutrale,Si a ora a stana paiannu a multa....come no! In Italia pagano solo i comuni mortali della classe media. I ricchi hanno i buoni avvocati e i poveri non possiedono nulla (quindi non pagano).
Contro Chiara Ferragni,Che LOTA viscida
Contro Chiara Ferragni,Fosse per me farebbe la fame.
Contro Chiara Ferragni,Maurizio Pinzani io NO la BARBIE NON LA SOPPORTO
Neutrale,Approfittare della credulitÃ  dei propri followers Ã¨ reato? La Chiesa lo fa da due millenni ma nessuno l'ha mai multata!
Contro Chiara Ferragni,La furbetta del pandorino
Neutrale,Laâ€caritÃ â€allâ€™epoca dellâ€™entertainment politically correct
Neutrale,"Da un panettone che si chiama ""BALOCCO"" cosa potevi aspettarti!"
Neutrale,"Io penso  che i denari non li devono fare chi giÃ  ne ha....
.....devono crescere anche gli altri!!!!"
Neutrale,Ha usato lo specchietto per le allodole
Neutrale,Non Ã¨ mica sempre festa.
Felice,Ma che brava persona che Ã¨ lei!  le manca la parola
Neutrale,Ãˆ il capitalismo: nessun rispetto per la vita umana.
Neutrale,"Ma tanto ci sarÃ  un giudice che glie cancellerÃ , con la scusa di anticostituzionale!"
Neutrale,Fate un body giamping senza elastico
Neutrale,Ancora troppo poco...
Neutrale,"Maaaa bisogna vedere quanto ci sia di vero in questa notizia..da quel che ci risulta la Ferragni e Fedez sono quelli che aderiscono a tante opere di beneficenza anche non avvalendosi di terzi..non avventatevi come avvoltoi nel giudicare...senza avere certezza..buona vita, ricordate che con la cattiveria non si va da nessuna parte ."
Neutrale,Truffatori !!!
Neutrale,Pensateci due volte quando fuori dai supermercati vi chiedono donazioni di qualsiasi tipo.
Neutrale,Sentiti sanzionata
Contro Chiara Ferragni,Ma mandatela a lavorare!!!!
Neutrale,Go!!!! Antitrust ğŸ¤£ğŸ¤£ğŸ¤£ğŸ¤£
Neutrale,Scagli la prima pietra chi non Ã¨ peccatore âœŒï¸âœŒï¸ğŸ˜ğŸ˜
Neutrale,ğŸ¤£ğŸ¤£ğŸ¤£ğŸ¤£
Neutrale,"Quando la cosa ti sfugge di mano.
Ahahahahahahahahahahahahha
Michela Ferazzini"
Neutrale,"Solo?
Ãˆ come levarli un euro.."
Contro Chiara Ferragni,Aspettiamo con ansia le chiacchiere che userÃ  per giustificarsi.
Neutrale,"SENTITI LIBERA, di truffare ğŸ˜‚"
Neutrale,Ma li rivedremo a Sanremo?
Non Classificato,Scanta nadari...
Neutrale,F I N A L M E N T E !!!!!! ğŸ‘ğŸ‘ğŸ‘ogni tanto la giustizia Ã¨... giusta
Neutrale,Sicuramente lei era all'oscuro di tutto...
Neutrale,In proporzione Ã¨ come una multa per divieto di sosta di un comune mortale ğŸ˜…
Neutrale,In galera due ğŸ’©
Neutrale,come se fosse antani
Neutrale,"Dopo questa e lâ€™ennesimo scandalo italiano sul calcio scommesse,le truffe del reddito di cittadinanza, i bonus, il 110  , se tutti pagano le multe risaniamo il debito pubblico ğŸ‘ğŸ‘"
Neutrale,Proprio 4 spiccioli cmq ...la prima ladra Ã¨ l agenzia delle entrate...in Italia Ã¨ pieno di corrotti !!!!! Venduti corrotti !!!.... altro che aiuto alle imprese e ai lavoratori ! ....
Contro Chiara Ferragni,"Finalmente una buona notizia! Non ne possiamo piÃ¹ di questi personaggi che, facendo leva sull'imbecillitÃ  della gente che li segue in maniera acritica e pecoreccia, fanno soldi su soldi ammantando la loro ingordigia di presunte cause sociali e solidali.
Chiara, pensati Vanna Marchi!"
Neutrale,Pensati furbahâ€¦ğŸ¤£
Neutrale,Tutti figli di wanna marchi
Pro Chiara Ferragni,"Mi raccomando tutti piu buoni a Natale e credere che babbo natale esiste, come che questa ragazza pensa davvero a fare gesti altruisti e non che sia una squallida avida assetata di denaro..."
Felice,"""Pensati Furba"""
Neutrale,"Giornalai. Citate la Lucarelli che tirÃ² fuori per prima la questione; che ai tempi etichettaste come ""attacco""."
Contro Chiara Ferragni,Viscida e scorretta da sempre.
Neutrale,Spiaze
Contro Chiara Ferragni,"Che schifo, che vergogna, si Ã¨  fatta beneficenza x se stessa poverina"
Contro Chiara Ferragni,SE TI HO SEMPRE DETESTA A PELLE UN MOTIVO CI DOVEVA ESSERE!!!!!
Neutrale,Questi sono gli idoli delle nuove generazioni...
Neutrale,#ERIGEREIMIRINECESSARI â€¦ questa societÃ  va â€œscremataâ€ profondamente  ğŸ¤¬ğŸ¤¬ğŸ¤¬ğŸ–
Neutrale,Come i numeri attivati per aiutare i bambini in Africa/terremotati/alluvionati/etc â€¦ capirai che novitÃ .
Neutrale,"FinchÃ© l'ignoranza la FarÃ  da padrone,  gente come la Ferragni non si dovrÃ   mai  preoccupare."
Neutrale,L'aviditÃ  ğŸ¤£ğŸ¤£ğŸ¤£
Contro Chiara Ferragni,"A questa donnaccia della peggiore specie, metterei le manette!!! Sfruttatare i bisognosi con la fasulla beneficenza finalizzata al tornaconto personale, Ã¨ da perseguire penalmente!!!! Non esiste cosa piÃ¹ ignobile al mondo!!!!"
Neutrale,Eredi di Vanna.
Neutrale,Attenti agli influencers! Questa Ã¨ la dimostrazione che fanno i propri interessi e un po' meno quello dei propri followers!
Felice,Continuate a seguire  e a fare dell hype a questi personaggi bellissimi ğŸ””
Neutrale,Selvaggia Lucarelli aveva visto giusto!
Neutrale,E bhe...!!
Neutrale,"Preferisco la Ferragni ai politici che tutti i giorni ci prendono per i fondelli!La Ferragni non la pago io,i politici si!"
Contro Chiara Ferragni,"Si deve vergognare, Ã¨ la peggiore forma si speculazione  quella fatta sulle malattie e la povertÃ ."
Neutrale,Il paese dei balocchi
Neutrale,Pensati WannağŸ¤¥MarchiğŸ¤¥
Pro Chiara Ferragni,"FinchÃ© esisteranno gli stupidi ....le ""Ferragni"" saranno sempre festa!!!"
Neutrale,PerchÃ© non si procede anche penalmente?
Pro Chiara Ferragni,Eh ma lei Ã¨ una grande imprenditrice ğŸ™„
Neutrale,Il genere umano mi fa pena
Neutrale,Dovrebbero fare una bella verifica fiscale a quei dueâ€¦ Il gatto e la volpe sono degli scolaretti a confronto!ğŸ˜¹ğŸ¦Š
Non Classificato,Bella str@@@a
Neutrale,Buongiorno guys
Neutrale,Ma il problema mica Ã¨ il pandoroâ€¦ il problema Ã¨ sempre chi compra quella mondezza..!!!
Neutrale,"Il vero problema non sono gli influencer, ma i loro seguaci."
Neutrale,"Azz...speculare su queste cose Ã¨ spregevole.
ChissÃ  se i followers lo capiranno!"
Contro Chiara Ferragni,"Fosse vero, subdola allo stato puro. E purtroppo, câ€™Ã¨ chi si spertica con fervore nei confronti di questa coppia indicata come modello di vita da seguire, mi spiace solo notare soprattutto lâ€™ingenuitÃ  delle nuove generazioni che non riescono a captare determinati comportamentiâ€¦"
Neutrale,"La colpa non Ã¨ sua, la colpa Ã¨ delle persone che sbavano per questi soggetti.  Comunque un grazie a chi smascherato questa truffa."
Neutrale,La wanna del 21 secolo..complimenti ai donatori...
Neutrale,"Cercate di capirla porella 
All'epoca dei fatti stava progettando il nuovo bilocale dove si Ã¨ appena trasferiti con la  Ferragnez family. Tra piastrelle, finestre e tendaggi serviva liquiditÃ ,,"
Neutrale,Buono cosÃ¬
Neutrale,"Faceva la beneficenza, lei... ğŸ¤¦â€â™€ï¸ ğŸ¤¦â€â™€ï¸"
Neutrale,A zappare zucchine
Felice,A Natale puoiii fare di tutto ğŸ˜‚ğŸ˜‚
Neutrale,Io li farei pagare ai fallower.
Neutrale,"La colpa Ã¨ di chi la segue , se nessuno gli dÃ  importanza si scioglie come neve al â˜€ï¸..e ho giÃ  scritto abbastanza,.."
Neutrale,A parte che il valore e pressappoco lo stesso ma la multa era in euro o in dollari?
Contro Chiara Ferragni,Azzzz....da noi si dice......Ã¨ bello farsi....belli...con i soldi....non propri........sanzionateeeeee
Neutrale,"E che so per lei, briciole di pane"
Neutrale,"Io non capisco perchÃ¨ dobbiamo parlare di questa qui.. e sono anche dolorosamente consapevole che commentando questo post faccio sicuramente il gioco di qualcuno. ""De gustibus non disputandum est"". Se questa nullitÃ  piace alla massa non si discute. E io non discuto."
Neutrale,"Tanto il fans club dei beoti che la seguono le rimborserÃ  l'ammanco, vivrÃ  serena ugualmente ....poveri allocchi"
Contro Chiara Ferragni,Altro che a sta furbastra senza scrupoli...i pirla che prendono dalle sue labbra dovrebbero pagare la multa....
Neutrale,Sarebbero credibili se sanzionassero tutti quelli che agiscono cosÃ¬ ma siccome Ã¨ la Ferragni e sta sul cu...o allora puniamo solo lei..gli altri che fanno lo stesso non succede niente...La giustizia dovrebbe agire allo stesso modo....se lo facessero x ogni cosa che non va a quest'ora il nostro paese andrebbe alla grande..e invece.....due pesi e due misure...
Neutrale,Questo dimostra che persona Ã¨
Neutrale,Ovviamente le multe (che .. ovviamente ..non pagheranno)..in beneficenza vero?
Neutrale,"L' Italia si merita questo e anche peggio, che latrina."
Neutrale,"Continuate a venerare questa gente.

#pensatevifessi"
Neutrale,"Se le persone smettessero di seguirla,questa e tanti altri finirebbero in bancarotta nel giro di poco"
Contro Chiara Ferragni,"Caspita!!! Prevedo un brutto natale per la ""poveretta""ğŸ™ƒ"
Neutrale,Io ci credo alla Ferragni. Ãˆ pure andata al memoriale della Shoah con la Segre.
Neutrale,"La gente che lo ha preso era convinta che i 6 euro in piÃ¹ fossero indirizzati alla ricerca...non in tasca alle societÃ  dell'influencer.
Ora dirÃ  che Ã¨ stata fraintesa, che ha agito in buona fede...tra due giorni tutto dimenticato ecc ecc.
Questo Ã¨ il nostro paese."
Neutrale,"Ma quanti merli ci sono in giro,da non credere."
Contro Chiara Ferragni,Lo schifo umano
Neutrale,Chiedere subito scusa a Selvaggia Lucarelli
Neutrale,N sa bottn mai..ğŸ˜‚
Contro Chiara Ferragni,Spero che gli idioti che difendono i Ferragnez da domani tacciano e si vergognino molto. I Ferragnez sono due speculatori dell'iniziativa altrui
Felice,Ottimo direi ğŸ’ªğŸ»
Neutrale,Gli influencer non esisterebbero se non ci fossero i deficienter che li seguono.
Felice,Se si candidasse verrebbe sicuramente eletta
Felice,"Bene, sono contenta"
Neutrale,"La mamma degli imbecilli Ã¨ sempre incinta. Gli imbecilli saranno sempre di piÃ¹ di chi se ne approfitta....come disse wanna marchi: ""gli idoti vanno inc...ti"""
Neutrale,Ora le verrÃ  l'influenser!!
Neutrale,ChissÃ  se pagherÃ  a rate come la Lega per i prossimi 50 anni
Neutrale,FinchÃ© ci sono i fessi che abboccanoâ€¦
Contro Chiara Ferragni,Ma siiii tanto campano gratis  e poi vogliono dare lezioni di vita ! Ma per caritÃ .  Non sÃ² se mi fanno tristezza piÃ¹ loro oppure chi li segue come se fossero degli eroi del c____o !
Non Classificato,Furbastra.
Neutrale,La stessa pantomima dell'anno scorso ğŸ¤¦ğŸ»â€â™€ï¸
Neutrale,Era ora
Neutrale,"Italia,paese dei balocchi......"
Neutrale,In galera
Neutrale,In galera
Neutrale,La colpa non Ã¨ sua ma di tutti quelli che gli vanno dietro
Neutrale,Ben ti sta
Felice,I MIEI COMPLIMENTI!!
Neutrale,Che cattiverie....mamma ma....
Neutrale,Non ho paroleâ€¦.ğŸ˜ğŸ˜ğŸ˜ğŸ˜ğŸ˜
Contro Chiara Ferragni,"Bravo, sembra faccia solo lei dei bene quando in realta' non e' cosi'. Deve pagare sino all'ultimo centesimo."
Neutrale,Pensati multata
Contro Chiara Ferragni,EccolalÃ ......anche lei nella giostra dei furbi.
Contro Chiara Ferragni,"Miserabile, avida e accattona."
Neutrale,Con questa storia della beneficenza ci campano. Fosse stato per me andavano a zappare entrambi
Neutrale,Ora Bisognerebbe: Entrare nei supermercati che commercializzano questo prodotto di melma (a livello morale)... E tirarli fuori senza passare dalle casse. Poi devolverli ai bisognosi
Neutrale,Era lâ€™ora
Neutrale,la colpa Ã¨ di chi segue
Felice,finalmente una notizia buona! ğŸ–•ğŸ»
Neutrale,"Troppo poco
Chi si approfitta della credulitÃ  di persone ingenue ed impreparate andrebbe punito piÃ¹ severamente"
Felice,Un post e tutto si risolve ğŸ˜
Non Classificato,Bisognerebbe metterla in mutande !! ChissÃ  cosa altro ha fatto âœ”ï¸
Neutrale,Non ho parole
Neutrale,"Se tutti facessero come me gli influencers dovrebbero cambiare lavoro. Secondo me gli acquisti devono essere fatti in base alle proprie necessitÃ , gusti e disponibilitÃ  economiche."
Neutrale,"A dimostrazione del fatto, che uno puoâ€™ avere tutti i soldi del mondo, ma rimanere un poveraccio comunque. Complimenti"
Neutrale,Monetine per la tombola
Neutrale,Chi '''sbaglia''' paga...ğŸ¤·ğŸ»â€â™‚ï¸ e gli acquisti di dolciumi ..da oggi.. li facciamo altrove...ğŸ¤·ğŸ½â€â™‚ï¸
Neutrale,Francesca ricordi che te ne parlavo?
Neutrale,PuÃ² pagare
Neutrale,Ne lei ne quell'altro
Felice,"Pandoro griffato nun se poâ€™ sentÃ¬ ğŸ¤¦ğŸ»â€â™‚ï¸
Complimenti al Sig Balocco ed alla Sig.ra Ferragni."
Neutrale,E questa Ã¨ esaltata a reti unificate
Contro Chiara Ferragni,IngordağŸ¤®
Neutrale,PiÃ¹  che pandoro Balocco si potrebbe  dire pandoro Farlocco
Neutrale,"Purtroppo la Gente non sta bene..
Questa non sarebbe Nessuno se non le date Importanza.."
