Comment,sentiment,Post
Come disse un altro. Tutto quello che so sulla Ferragni lo so contro la mia volont√†.,Contro Chiara Ferragni,1
Ricordo che il signor balocco √® stato colpito da un fulmine. Chiara no.,Neutrale,1
"Chiunque creda che Ferragni e company siano ""persone buone ed innocenti"" √® un coglione.  
Non serve altro commento.  
Chiunque li segua √® fritto nel cervello.",Contro Chiara Ferragni,1
"C'√® un modo di dire credo di origine Siciliana che mi affascina ""il nulla mischiato con il niente"". Per me questo sono questi (ed altri) influencer. Ma il problema non sono loro, ma chi non ha meglio da fare se non vivere la propria vita cercando di fare il meglio per se e per gli altri, e spreca il proprio tempo dandogli attenzione.",Neutrale,1
"Evito di usare i social per evitare di vedere il suo muso e quello del suo moroso, sono persone completamente opposte ai miei valori.

La vicenda Balocco ce la dimenticheremo tutti tra 4 giorni circa, poi ci saranno altri video di gente che piange e poi si va avanti.",Contro Chiara Ferragni,1
"Ma poi ricordate la regola pi√π vecchia dell'internet: **nei video vedete ci√≤ che l'autore vuole farvi vedere**.

L'accenno di pianto √® studiato a tavolino, se non voleva farvelo vedere avrebbe semplicemente girato un altro video finch√© non riusciva a non piangere.",Neutrale,1
"Il problema pi√π che suo (che rappresenta il nulla totale, cosmico, infinito) √® la gente che la segue perch√© quello non ha niente da dire, insegnare, mostrare se non se stessa.
√à inquietante.",Neutrale,1
"La vicenda √® schifosa, ma non mi stupisco. Sia Ferragni che Fedez hanno sempre avuto questo modo di rappresentare loro stessi in pubblico, costantemente imprenditori di successo ma sempre attentissimi a fare beneficenza, perch√© loro sono ricchi e fortunati ma devono far sapere che aiutano tutti gli altri.

Non solo, si sono esposti costantemente per muovere le coscienze italiane e per indirizzare le scelte politiche del Paese (non so con quali titoli, visto che il normale cittadino non ha i loro strumenti ma magari conosce la realt√† pi√π di loro), perch√© loro sanno cosa √® meglio. C'√® da dire che in questo modo di fare Ferragni ha seguito il marito, che era pi√π esposto in certi ambienti.

Comunque, io non faccio particolare beneficenza, ma ho sempre pensato che per una persona ricca in questo modo dare soldi sia solo il modo per lavarsi la coscienza senza davvero impegnarsi. Lei ai miei occhi rimane la stessa, la stessa che veniva idolatrata dal capitalismo italiano e internazionale per il suo successo nel campo e la sostanziale legittimazione del sistema che lei rappresenta, usando ovviamente tutti gli strumenti che il sistema le mette a disposizione; mi fa pi√π impressione che una persona del genere possa essere presa come modello dalle persone, perch√© lei ""√® sincera"", ""una persona per bene"", ""chi ti conosce e ti segue come me sa quanto sei buona"". E tutto questo solo perch√© fa qualche faccia davanti alla telecamera e qualche versetto dietro quando riprende i figli e/o il cane. Ah no √® vero, dice anche ""viva il femminismo"".",Neutrale,1
"Io non approvo niente di quello che fanno e considero il messaggio che trasmettono completamente sbagliato.

Ma ancora di pi√π non capisco come mai i follower abbiano questa visione di loro trascendentale, che difendono come uno status con ""la tua √® invidia sociale perch√© loro hanno saputo posizionarsi nel mercato"".

Sappiamo tutti mooolto bene che sono dei privilegiati, nati tali e che hanno avuto fin da subito possibilit√† superiori ai comuni mortali. Vedi solo le scuole, anche quando parlano del ""talento"" della Ferragni, lei no, non ga talento ma il team di marketing e i social media manager sicuramente sono molto bravi.

Per il resto personalmente penso siano molto furbi, hanno capito che facendo ci√≤ che fanno ottengono potere, soldi e anche rilevanza nell'opinione pubblica. Finch√© il teatrino star√† in piedi, loro vanno avanti.",Contro Chiara Ferragni,1
"Bro non so come faccia la gente a seguirla, cio√® guardala fa ridere

https://preview.redd.it/56sdc5jl487c1.jpeg?width=197&format=pjpg&auto=webp&s=496b43ccfb97e9b9dd02a66ae74c5de0d9f40297",Contro Chiara Ferragni,1
"Il punto √® che alla fine Chiara Ferragni √® l'ideale della persona media, priva di qualifiche professionali, non ha mai fatto nulla di impegnativo, semplicemente √® una bella ragazza che ha avuto la fortuna di utilizzare internet agli albori attranedo le persone giuste. Niente di pi√π, non ha inventato niente di particolare, non ha avuto idee particolarmente brillanti, realisticamente le societ√† gliele gestir√† chiss√† chi.
A conti fatti, secondo me del pandoro balocco neanche ricordava l'esistenza, il manager le avr√† detto ""oh fatti una foto con un pandoro commerciale che vendono in supermercati dove te neanche metti piede, cosi ti arriva un bonifico da un milione"".
La morale di questa considerazione √® che la persona normale la capisce perfettamente, avrebbe fatto la stessa cosa. Dei malati a cui sarebbe andata la beneficenza, in sostanza, non fregava nulla a nessuno, altrimenti avrebbero donato personalmente. Chiara Ferragni non subir√† alcuna conseguenza economica rilevante da questa storia perch√® nel profondo, chi la segue, non ha niente da rimproverarle",Neutrale,1
"Manco uno pu√≤ fare una battutina sarcastica, che i loro follower ti si aizzano contro, dicendo che ""sei cattivo dentro, loro hanno fatto comunque una buona azione, te sei solo invidioso e rosichi""...

che mentalit√† del ozzac",Neutrale,1
"A me quello che fa pi√π specie √® il fatto dei bambini sovraesposti palesemente . Superficialmente si pu√≤ pensare che lo facciano spontaneamente invece no , si capisce che li mettono in primo piano sempre per fidelizzare tutta la community √® per fare interazione costante , io lo trovo penoso",Neutrale,1
"Boh, mi sento un alieno perch√© a quanto pare di tutta sta vicenda non me ne frega una emerita cippa e a quanto pare tutti la stanno prendendo sul personale e ingigantendo all'inverosimile manco fosse la trattativa Stato-mafia.",Neutrale,1
"Se tutti facessero come la ferragni sarei estasiato?
Gente che si approfitta di altra gente per guadagnare soldi e ostentare nei social il loro benessere mentre altri si rompono il cul* per una paga che neanche li fa ad arrivare a fine mese? Visto che i ferragnez sono pro sinistra (la politica sinceramente con loro non dovrebbe centrare) dovrebbero aiutare i propri follower pagando bollette,mutuo-affitto,prestiti ecc.. Invece mostrano la nuova casa,cabina armadio con scarpe/vestiti/borse che costano piu' del stipendio di noi morti di fame,e certi utenti hanno il coraggio di difenderli? Sinceramente loro per l'Italia cosa hanno fatto? Cosa fanno per aiutare chi e' in estrema difficolta'? Parola chiave: un beneamato cazz* e poi si vantano ovunque che hanno fatto questo e quello,purtroppo pero' non a gratis ma con un tornaconto sostanzioso... La beneficenza,il volontariato e l'aiutare il prossimo in qualunque modo si fa in silenzio e soprattutto con il cuore... Non si fa con il portafoglio aperto come loro,impariamo a boicottarli,ignorarli e lasciarli mantecare nella loro merd*.. In fin dei conti meno gente li segue meno soldi prendono,meno influenze negative hanno su tutti e meglio staremo senza loro..
Pensiero personale dettato non da rabbia,ma da un scassamento di coglion* che queste persone continuano a fare..",Contro Chiara Ferragni,1
"La Ferragni non sa niente di quello che i suoi operatori di marketing fanno. Lei √® il volto di una grande societ√† che azzecca prodotti da vendere alla massa.
Buone perosone? Mah, come possono essere buoni i ricchissimi. Ogni tanto lanciano le briciole ai piccioni e le vendite dei prodotti crescono. Lanciano briciole di pane e quando tornano a casa hanno un grattacielo di focaccia.

Le persone ricche di buone intenzioni prendono i soldi e fanno opere di bene, non hanno bisogno di vendere qualcosa.

Ancora pi√π antipatico il fatto che per scusarsi abbia donato un milione al Regina Margherita. Allora non potevi donare prima senza elemosinare dalla gente? Proprio uno schiaffo alla miseria.

Aggiungo: la cosa che mi fa veramente schifo √® il fatto che mettano i bambini davanti ai riflettori h24. Mi fa orrore come donna e potenziale madre. Mi fa orrore che qualsiasi cosa debba essere ripreso. Non c‚Äô√® pi√π intimit√†, non c‚Äô√® pi√π valore personale. Esistono solo la condivisione ed il lucro. 

Edit: per aggiunta",Contro Chiara Ferragni,1
"Io ti dico solo che i Ferragnez impiegheranno pochi mesi a recuperare il milione perso.  
E comunque hai ragione non c'√® limite alla finzione e tanti se la bevono...",Neutrale,1
"Totalmente d'accordo, √® ora di boicottarla. Ne abbiamo le palle piene di questi personaggi",Contro Chiara Ferragni,1
"La ricetta √® semplice: non seguire lei, quel pupazzo del marito e tutta la compagnia cantante. Sono persone che pensano solo ai loro tornaconti come tutti quelli che tirano su milioni su milioni. Evitate di acquistare prodotti industriali e sostenete le attivit√† della vostra zona e se dovete fare beneficenza fatela direttamente agli enti che vi interessano",Contro Chiara Ferragni,1
"Ma scandalizzatevi e fate questi rant sui nostri politici che sono ridicoli. Influencer come la Ferragni campano solo di visibilit√†, ed in questo OP sta aiutando.",Neutrale,1
"Io trovo odioso che si riferisca a quello che ha fatto come ad uno sbaglio quando quel che ha fatto si chiama truffa.

Per di pi√π ne era da sempre ne era consapevole tanto √® vero che aveva bannato alcune keyword come Balocco da tempo su IG!

In realt√† trovo odiose un botto di cose riguardo lei e fedez.",Contro Chiara Ferragni,1
"Problemi da primo mondo...Il paese va a rotoli con al governo il peggio schifo e te hai tempo di farti venire il fegato amaro per la Ferragni?
Beato te...",Neutrale,1
"Chi segue gente come la ferragni & co, non dovrebbe avere diritto di voto.",Contro Chiara Ferragni,1
"Ferragni √® l'eroina di una societ√† improntata sull'avere pi√π che sull'essere.
√® normale che venga idolatrata.
ignorare credo sia l'arma migliore.",Neutrale,1
"Il mio sfogo invece √®: ma bisogna che tutti debbano avere una opinione sulla vicenda? Tra colleghi, nonne, PdC.. tutti devono commentare.. ma solo io ho letto la notizia e ho detto ‚Äúok‚Äù e pensato ad altro?",Neutrale,1
"Sfogatevi pure, continuate a guardare il dito e non la luna, abbiamo 2000 miliardi di debiti, una serie di indagati e condannati che nessuno ci invidia, ogni due giorni, all'interno di una coppia, c'√® un omicidio, ma dato che abbiamo scoperto un'imbrogliona gli scarichiamo addosso tutto il nostro malessere, alla Ferragni ci penser√† la magistratura e il mercato, e dato che √© in un momento difficile, darei ora il mio segui alla Ferragni",Neutrale,1
"Mi date ridere voi indinnniati üòÖü§£
Ma che te frega?
Non capisco tutta questa stizza, cio√® , io non la seguo e non mi frega nulla.

Fine.

Attenzione, nemmeno mi piace, non la sto difendendo.

Ma c'√® tanta gente peggiore che fa lo schifo vero e viene idolatrata comunque, tutto sommato delle Ferragni in giro che fan poco male, e magari anche qualcosa di buono, non capisco che fastidio possa dare.

Chi l'ha segue o la idolatra sono principalmente ragazzine, e se non c'era lei l'avrebbero fatto con la boy band di trrrokati del momento (nel senso, non li scelgono di certo in base all be l comportamento morale che possano avere, anzi).",Neutrale,1
https://preview.redd.it/nzkwsgbq8a7c1.jpeg?width=1024&format=pjpg&auto=webp&s=c88d60339fa831a89dbdb98b7b655801fa7a9572,Neutrale,1
[deleted],Neutrale,1
"Concordo... il problema non √® tanto l'esistenza di una tipa che inganna 300.000 consumatori rubandogli 1.600.000 euro (fonte: il provvedimento AgCom che la riguarda) inventandosi donazioni inesistenti per i bimbi malati... questa √® banale cronaca nera e se ne occuper√† la magistratura (speriamo con qualche provvedimento molto ma molto pi√π incisivo di una multina di 1 milione a societ√† che ne fatturano 40 l'anno...).

Il problema √® la gente che di fronte al video del piantarello strategico reagisce dicendo ""che brava, che buona, guarda, ammette di avere sbagliato e fa pure la donazione""... ragazzi che boccaloni... roba da matti (1)

Il problema √® pure l'ospedale che accetta la donazione, un amministratore con le palle avrebbe dovuto rifiutarla con tutto lo sdegno possibile... roba da matti (2)

Il problema sono poi le piattaforme che la ospitano, che dovrebbero da domani chiuderle gli account da cui sono partiti i raggiri prima che ne partano altri... e invece niente di niente, roba da matti (3)",Neutrale,1
"Ora non che chiara ferragni sia un modello o altro, ma cazzo se la gente si incazzasse anche solo 1/10 di quello che fa con le ""star"" con i politici e le aziende il mondo sarebbe un posto migliore. Ma nooo, presidente del senato cerca di riscrivere la storia in favore dei fasci 1 paginetta di protesta e poi via, governo che nel suo programma parla di bloccare gli stipendi tutti zitti che va bene, chiara ferragni fa na cazzata/dice na cazzata/abbina male maglietta e copricapezzolo tutta italia parte alla carica a darle contro",Neutrale,1
"E' uno spreco di energie solo il pensare e farsi un'idea su questa ""notizia"".",Neutrale,1
E' solo una telemarketer glorificata.,Contro Chiara Ferragni,1
"io vedo un altro problema, ovvero Giorgia che la usa per distrarre dal proprio operato.",Neutrale,1
"Io sono dell'idea che chiunque (come colui che ha scritto questo post) pensi che il mondo sia diviso in bianco e nero sia solo un povero e piccolo arrogante oltre che illuso. L'80% di questi commenti rappresenta la malata morale degli schiavi presente nella nostra societ√†, e le stesse persone affette da essa per me sono tali e quali uguali a quelle che idolatrano la influencer del caso (siete due facce della stessa medaglia).

Legge √® stata fatta, che abbia mentito o che abbia finto me ne frega poco poich√© io non mi sporco le mani n√© comprando n√© boicottando Chiara Ferragni. Senza tener conto del fatto che siete pure voi ipocriti che ponete il fallimento della Balocco su un piano diverso rispetto agli altri enti del terzo settore o tutte le altre realt√† che promettono di promuovere la beneficenza (stessa merda praticamente).

Ho speso abbastanza tempo e fiato su queste cazzate, trovatevi altro da fare.",Neutrale,1
"Ma chissene frega, io ho altri pensieri tipo fare la spesa e pagare le bollette. Ci sono tanti truffatori in giro e nessuno ne parla a parte chi di dovere tipo la polizia solo che lei √® famosa e ci scrivono tanti articoli. Io me ne frego, se voglio far beneficenza non compro il suo pandoro ma vado direttamente all'ospedale dei bambini. Usa meglio il tuo tempo",Neutrale,1
"Vorrei anche contestare ""l'errore"", mannaggia, anche per le uova di Pasqua √® successo lo stesso ""errore"" di comunicazione. Non ho mai creduto alla filantropia sua e nemmeno quella del marito che cerca di difenderla, vincendo il premio per la migliore arrampicata sugli specchi.
Sono influencer che attirano persone terra, terra e pendono dalle loro labbra.

Ma poi anche a San Remo, nel suo vestito, dietro c'era scritto: ""pensati libera"" frase presa da un artista che ha scritto sui muri, di non mi ricordo quale citt√† e non l'ha nemmeno citato, oltretutto dando un suo significato diverso da quello originale. 
Non devono essere come modelli di filantropia.",Contro Chiara Ferragni,1
"Sarebbe divertente se questa vicenda la faccia cadere, ma tempo un mese e ce ne saremo scordati ( o almeno la maggior parte).",Neutrale,1
"Vivr√≤ fuori da mondo, ma io non manco chi √® questa",Neutrale,1
"La penso come te, ma finch√© la persona media la seguir√† le cose non cambieranno. 16k follower per lei sono una frazione per cui cosa vuoi che cambi.",Neutrale,1
"Non me ne frega nulla, che sia in buona fede o in mala fede me ne sbatto altamente di lei e della sua famiglia. Ma che √® quest'invidia sociale? Ma il problema √® veramente Chiara Ferragni per te? Quanti post fai ogni giorno per lamentarti di cose ben pi√π schifose di un un milioncino di euro?

Per quel che mi riguarda ha sbagliato, si √® scusata (falsamente o meno, non mi interessa) e ha donato il ""bottino"", poi √® anche possibile che non sia direttamente colpa sua ma di qualche collaboratore o di qualche sua azienda o di chiss√† chi, ma intanto ci ha messo la faccia a differenza di tanti altri stronzi che vediamo tutti i giorni.",Neutrale,1
"ti dico la mia: non me ne frega un sontuoso cazzo di niente de La Ferragni, de Il Fedez, de La Balocco, de I Followers. proprio zero. ho gi√† abbastanza menate a cui pensare, vedi te se devo pure sprecare tempo/energie per farmi un'opinione diversa dal ""ecchiccazo se ne fotte?"" su tutta sta manfrina",Neutrale,1
"Unpopular opinion: a prescindere da qualsiasi pensiero negativo nei confronti della Ferragni, questa si √® messa davanti ai suoi N milioni di followers e ha detto ""avete ragione, ho fatto una cazzata, cercher√≤ di rimediare"". √à sicuramente opportunismo, ma di quelli che l'hanno criticata, e mi riferisco in particolare alla Meloni, quanti di loro hanno fatto altrettanto? Grazie anche alla Meloni, Santanch√© sta ancora l√¨, Del Mastro sta ancora l√¨, La Russa sta ancora l√¨...",Neutrale,1
Nessuno idolatra Chiara Ferragni. Seguire sui social =/= idolatrare. Smettiamola di pensare che le persone siano amebe senza cervello. Generalmente si tratta di pura curiosit√† o di naturalissimo interesse per le frivolezze.,Neutrale,1
"C'√® gente che vende il pesce e vive nelle baracche,

C'√® gente che vende la propria dignit√† al miglior offerente e batte al porto,

C'√® gente che mercanteggia con la tua dignit√†, barattando la tua empatia per i propri guadagni e vive nelle regge,  


fatti due domande.",Neutrale,1
"Te la faccio semplice: c'√® una LARGA fetta di popolazione, non cos√¨ larga, ma neppure cos√¨ marginale, che √® nostalgica della servit√π della gleba ed al posto dei pettegolezzi di corte pende dalla labbra dei pettegolezzi d'influencer, variante moderna, stesso modello.

Quindi c'√® gente che GODE di SOGNARE la Chiara Ferragni di turno e di seguirne la vita per sentirsi parte del sogno patinato. Alcuni, pochi, han capito, pochissimi sono riusciti a diventare pastori di questa massa di bovi leboniani e quindi han imparato a trarre profitto dalle loro greggi.

Pirla me che avevo capito da illo tempore, ma scelto tutt'altro per idealismo...",Neutrale,1
"Non so cosa sia successo ma non me ne fotte un cazzo. 
Questo topic mi √® comparso nelle notifiche. Come cazzo siamo messi in Italia che con 2 guerre maggiori in atto dobbiamo parlare di una zoccola da 4 soldi. Next plz",Neutrale,1
"Non capisco perch√© una vicenda cos√¨ futile sia riuscita a smuoverti e a portarti a questo sfogo.

Tutti i milionari usano la beneficenza per guadagnare, fare pubblicit√† e scaricare le tasse.

Chiara ha sempre dimostrato di essere lo stereotipo. Una Paris Hilton, solo pi√π carina se",Neutrale,1
"Guarda, devo dirti la verit√†: io fino a una settimana fa odiavo Chiara Ferragni e non la sopportavo, ma poi mi sono ricreduto e ho capito che va supportata. Ora sono fiero di essere un suo fan ‚ô•Ô∏è",Felice,1
"Sincero? Non me ne frega niente se lei finge, non mi interessa se le sue lacrime sono finte e se le scuse non sono sincere, l'ho fatto anche io un sacco di volte e sono convinto che un sacco di altre persone lo fanno giornalmente, non capisco perch√© molte persone si attaccano pi√π a questa cosa che al reato in s√©.",Neutrale,1
"Non ho mai avuto nessuna stima per la Ferragni e di sicuro non ho cominciato ad averne oggi. C'√® da dire che il motivo per cui √® ""idolatrata come esempio di successo"" √® perch√© oggettivamente √® un esempio di successo.
Se decidiamo come societ√† che i soldi sono il metro, che le grandi menti e i visionari sono gli imprenditori, allora la Ferragni √® un esempio come molti altri, probabilmente non peggio di molti altri",Neutrale,1
"Ma chi se ne frega? Non riesci seriamente a ignorare tutto questo?

Non capisco perch√© vi volete cos√¨ male. Ci sono tante cose importanti nella vita (ognuno ha le sue), e questa persona non √© una di essere a meno che non sia vostra sorella/amica/moglie.",Neutrale,1
"Mi sembra che tu sia o molto poco informato o invidioso.

Cito un solo esempio: 4 milioni per ospedale Covid realizzato in 2 mesi. Il comune ne ha spesi 10 e ci ha messo un anno (buttato perch√© pandemia finita).
Solo questo √® pi√π di chiunque su questo forum abbia mai fatto per gli altri. Ma in realt√† di attivit√† benefiche la sua famiglia ne fa molteplici.

Spero che il tuo fastidio derivi dalla non conoscenza, a quella su pu√≤ rimediare.",Felice,1
"Boh alla fine lei e il marito hanno sempre fatto beneficienza, probabilmente se noi avessimo i soldi che hanno loro ci faremmo i cazzi nostri su un jet privato al posto di sbattersi.
Poi potrai dirmi che √® per visibilit√† o altro per√≤ comunque non riesco a essere arrabbiato",Neutrale,1
"Il mondo non √® un posto ""giusto"": a vincere non sono i pi√π intelligenti n√© i pi√π forti bens√¨ i pi√π FURBI (il che √® normalissimo).

Non c'√® motivo di arrabbiarsi perch√© il mondo non va come vorremmo, vivi la tua vita concentrandoti su quello che hai :)",Neutrale,1
"Parlo ""da fuori"", da persona che non ha mai seguito i Ferragnez in alcun modo.

A me incuriosisce un sacco il costante accanimento contro entrambi. Qualsiasi cosa facciano (o non facciano) scatena reazioni negative esageratissime, neanche fossero i responsabili di ogni male che affligge il nostro Paese.

C'√® un sacco di gente famosa. C'√® un sacco di gente famosa che mantiene una vita molto pi√π ""pubblica"" della loro. C'√® un sacco di gente famosa che non solo non fa beneficenza (""silenziosa"" o meno non conta, la beneficenza √® bella tutta), ma si adopera attivamente per raggirare i propri fan e mettere le mani nei loro portafogli, vedi la recentissima ~~Goop~~ Goovi di ~~Gwyneth Paltrow~~ Michelle Hunziker. Eppure nessuno attira le ire della gente come loro.

Non ho un giudizio in merito, lo trovo solo affascinante. Se devo dire la mia dico che preferisco mille volte loro due a chi pensa che sia accettabile definire qualcun altro ""spreco di ossigeno"" solo perch√© segue sui social la persona sbagliata.",Neutrale,1
"Io odio questa presunzione... ""Io sono stanco di questa realt√† finta"" ; ""ho le balle piene di queste pagliacciate"" ; ""30 milioni di sprechi di ossigeno"" ...

Se non ti piace, non seguirla. Se vuoi continuare ad odiare dalla tua cameretta, continua ad odiare...

Comunque lasciatelo dire, non so se siano peggio le persone che ""la idolatrano"" (e fidati, sono molte, molte, molte meno di 30 milioni) o quelle che le vanno contro solo perch√© si credono pi√π ""pure"", pi√π ""intelligenti"" di tutti gli altri",Neutrale,1
"Mai seguita la Ferragni e frega meno di zero. Ma dal modo che hai di chiamare chi non la pensa come te (spreca ossigeno) mi sa che tu sia uno di quelli che ha comprato il libro di Vannacci o comunque la tua idea di vita sia in linea col governo attuale. Se fosse cos√¨ votali pure anche alla prossima tornato e fai s√¨ che passi la riforma costituzionale, cos√¨ al prossimo giro mettiamo su in bella dittaturina e mettiamo anche a tacere tutti questi influencer che vogliono dire la sua",Neutrale,1
"forse non ti √® chiaro il concetto:

NE STAI PARLANDO

Questo stesso post gli porter√† soldi.",Neutrale,1
"Non son d'accordo: ha commesso un infrazione, √® stata multata e in quanto personaggio pubblico si √® scusata online. Davvero pensate che in generale, le scuse fatte online piangenti siano sempre sincere? Mentre commettevano tale infrazione, ne erano consapevoli!

Poi, se volessi fare davvero beneficienza, comprerei un panettone di un marchio apposito o donerei direttamente. Al contrario, se mi fidassi sulla parola di un venditore ambulante per strada che promette beneficienza, mi chiamereste stupido e probabilmente verrei fregato esattamente come chi ha acquistato sto panettone. Mi sembra un po' ipocrita criticare dopo aver preso per oro colato le parole di una persona a caso.",Neutrale,1
"Da quando si √® iniziato a stigmatizzare una persona per un suo errore? A me di Chiara Ferragni non frega proprio nulla ma non √® che dopo questo ‚Äúscandalo‚Äù con la Balocco allora mi aspetto che venga ostracizzata dal mondo intero, vediamo di mettere le cose sul giusto piano. 

Non si √® mica scoperto che rapisce i bambini per bere il loro sangue, non ha fatto del male n√® molestato nessuno, n√® tantomeno ha arrecato un danno economico a qualcuno, chi voleva comprava il Pandoro e chi non lo voleva non lo comprava, dubito ci siano state persone che sono corse di massa ad acquistarlo solo per fare beneficenza, visto e considerato il prezzo di quest‚Äôultimo.

Quindi sticazzi, √® stata multata, la sua bella figura di merda l‚Äôha fatta, che altro deve fare? Scendere in piazza e farsi tirare i pomodori maturi? Mettiamo un po‚Äô da parte le nostre insicurezze e la nostra invidia personali ed andiamo avanti.",Neutrale,1
">ma il mio ‚Äúproblema‚Äù √® che comunque 30 milioni di sprechi di ossigeno continuano a seguirla

Secondo me qui il problema sei tu, mica loro.
A te cosa cambia se ci stanno 30 mln di persone che la seguono? Ma perch√© devi offenderli. Amico mio, vivi sereno...

(No, non faccio parte di quei 30 mln. No, dei Ferragnez non me ne importa una sega)",Neutrale,1
"Ci sono imprenditori che hanno fatto le peggiori porcate e non ricevono mai una critica, spesso vengono anche eletti in parlamento. Poi c‚Äô√® lei che √® una delle donne di maggiore successo del pianeta e proprio per questo viene odiata da invidiosi seriali sui social come te e la maggior parte della gente che commenta. Qualunque grande azienda ha avuto la sua share di errori di marketing e comunicazione che conduce a volta ad azioni legali, non c‚Äô√® nulla di nuovo in questa storia e francamente questo odio mediatico √® veramente ridicolo",Pro Chiara Ferragni,1
Prova ad ascoltare la radio fino alle 20:50 e vedi se migliora.,Neutrale,1
Io non so nemmeno che sia successo pensa te,Neutrale,1
"Raghi, spendeteli quei 3 euri per Spotify.

Li la gente non parla.",Neutrale,1
"Come QI gli adolescenti e ventenni che seguono la Ferragni e i suoi fantastici amici sono pari pari al boomer che segue religiosamente i programmi spazzatura di Mediaset.

In entrambi i casi abbiamo dimostrazioni della pochezza intellettuale del paese, anche se alcuni potrebbero dirti che il primo esempio sia diverso e, in qualche modo, meno grave.

Non posso aggiungere nulla di importante ma posso consigliarvi di non cedere al culto del miliardario e a queste relazioni parasociali con le celebrit√†, molte di queste vedono i meno ricchi come marmaglia da sfruttare.

Non vi dico di ignorare completamente lei e il marito per farli sparire dall‚Äôocchio pubblico perch√© non accadr√† mai, ma, nel vostro piccolo, fottetevene di loro e andate avanti con le vostre vite. 

Non mi rappresentano nulla.",Neutrale,1
Vanna Marchi 2.0. I coglioni vanno inculati. Non ha tutti i torti per√≤,Neutrale,1
"Non lo so ‚Ä¶ invidia o l‚Äôegoismo vi fa parlare cos√¨ tante cose inutili!! Spero che guarirete tutti‚Ä¶io dico GRAZIE per la donazione in favore della sanit√†  che a fatto la C.F. Il governo taglia tutto ed aumenta le tasse ,poi hanno coraggio da rompere le scatole per fare delle donazioni con delle programmi nauseanti..al men√≤ la Chiara a  chiesto scusa con umilt√†,a fatto una donazione come scusa per un errore che lo a riconosciuto pure!! Ma in quanti lo fanno?? Perch√© siete cattivi???? Daiiiii non vale la pena‚Ä¶apprezzate il bello e il buono .sono degli valori che purtroppo non li mettete in considerazione!!",Felice,1
[deleted],Neutrale,1
"30 milioni di persone che la seguono, pi√π di un italiano su due. Ma lei non sa nulla di particolare, non sa fare nulla di particolare e non fa ridere, quindi esattamente per che cosa la stanno sequendo?

per sentirsi parte della famiglia Ferragni?

 l'Italia √® stupidlandia.",Contro Chiara Ferragni,1
"Verrei bannato e accusato di essere fascista se dicessi quello che penso. 

Perci√≤ mi limito a dire: prima o poi ci sar√† una guerra civile, e io mi divertir√≤ tanto",Neutrale,1
"Siamo tutti, nel bene o nel male, vittime di imposizione di realt√†. I social rendono sto fare molto semplice. Mi fate tutti girare i coglioni. Nelle parole del grande Tyler, mi permetto di parafrasare: ""how is this shit real hahahaha just walk away from the screen like close your eyes""",Neutrale,1
">finto strucco 

Wat?",Neutrale,1
S√¨ boh si sapeva che era cos√¨. Ma sono tutti cos√¨,Neutrale,1
"L'ennesima vittoria del capitalismo, sta volta per√≤ con la skin del falso femminismo",Neutrale,1
Ma chi cazzo se ne frega dio stramerda,Neutrale,1
"L'errore di comunicazione della Ferragni mi ricorda Scajola che si ""dimentic√≤"" che gli avevano intestato una casa al Colosseo. D'altra parte per√≤, se tutti i politici che rubano o vengono colti con la mano nella marmellata (tra cui quelli che in questi giorni accusano l'influencer) si autoinfliggessero una multa come la Ferragni che per recuperare credibilit√† doner√† un milione al regina margherita dopo aver fatto un video di scuse, avremmo gli ospedali con pi√π oro del Cremlino. 

Che poi io accetto anche che si instauri il nuovo comitato di salute pubblica, e che sia proprio tu a presiederlo e a mandare alla ghigliottina lei e gli altri 30 milioni di sprechi di ossigeno. 
Ma alla fine di tutto, sei proprio sicuro di non fare la fine di Robespierre, tu che in un paese con un carosello infinito di problemi ben pi√π seri corri dietro a questa arma di distrazione di massa? 

Stia attento l'uomo che va a caccia di ""sprechi d'ossigeno"" a non diventare esso stesso lo spreco d'ossigeno. E se a lungo scruterai nell'abisso, anche l'abisso scruter√† dentro te.",Neutrale,1
"Quante stupidaggini, c'√® gente che idolatra chiunque, la maggior parte la segue a caso per motivi a caso, c'√® molta pi√π gente che idolatra Trump che √® una minaccia concreta per il mondo e tu riversi tutto questo odio sulla Ferragni?

Svegliati fuori e accendi il cervello che i problemi di questo mondo non sono certo la Ferragni e se per te ha tutta questa importanza, pur non seguendola, hai davvero problemi da risolvere.",Neutrale,1
"in generale √® facile da comprendere... la societ√† ha sempre avuto bisogno di riferimenti a cui ispirarsi proiettando in loro i propri desideri pi√π reconditi. La ferragni rappresenta una bella (mah?) donna, ricca e di successo capace per qualche motivo di essere sempre al centro dell'attenzione mediatica (nel bene o nel male).   
E' facile da comprendere il perch√® la maggior parte dei giovani si rispecchino in lei.   
Viviamo in un mondo malato... ma la ferragni √® solo una piccola sfumatura della pazzia collettiva... da millenni, miliardi di persone venerano e condizionano la loro cognizione morale in base a quel che dicono sedicenti veggenti di divinit√† immaginarie.

Dipendesse da me, ci vedrei bene un simbolico esproprio proletario della met√† del patrimonio di questa sciacquetta e del marito ancora pi√π coglione... di certo loro non finirebbero sotto un ponte e con quei soldi si potrebbe costruire un nuovo ospedale o un paio di scuole.",Neutrale,1
"Ha perso dei follower sul telefonino accipigna!!
Cerca la scappatoia dopo aver provato a fare la furba, lacrimuccie di coccodrillo",Contro Chiara Ferragni,1
"Nonostante non seguo e a malapena so chi e‚Äô, la cifra della multa mi sembra chiaramente sproporzionata all‚Äô offesa ‚Ä¶ ma mi da‚Äô tanto l‚Äô idea che ci sia la spintarella di qualcuno al governo. Mi ricorda che la legge in italia si fa rispettare solo quando conviene a qualcuno e non sia uguale per tutti.",Neutrale,1
"Un paio di anni fa una cosa simile √® successo in Germania ancora con un ""influencer"" (Fynn Kliemann). 

Ero sempre una cinica, ma oggigiorno trovo, che sia quasi impossibile credere in qualcuno. 

Tutti questi ultra ricchi sono cretini inaffidabili.",Neutrale,1
"Reg√†, le sanzioni dell‚ÄôAGCM per pratiche simili sono sempre esistite e ce ne sono diverse l‚Äôanno.
Adesso avete appena scoperto come funziona la tutela del mercato e del consumatore e tutti campioni a parlare di ‚Äúetica aziendale‚Äù.
Chi sbaglia paga, e lei ha pagato (o pagher√† vabb√®) quindi? Cio√®, tutto ok no? 
La giustizia si fa in tribunale, mica su Instagram. Non seguivate la Ferragni? Continuate a non farlo, non √® cambiato nulla.
Le grandi aziende fanno centinaia di errori del genere, semplicemente generalmente la gente non legge i comunicati stampa dell‚ÄôAGCM",Neutrale,1
"Ricordati che pi√π parli di queste persone, pi√π dai un senso alla loro esistenza.

*Non ragioniam di lor, ma guarda e passa*, per rubare le parole al pi√π grande poeta della letteratura italiana (e oltre).",Neutrale,1
L'itala per il 2% del PIL in queste sciocchezze. (cit.),Neutrale,1
"Che andassero a fare in culo la ferragni, fedez, i media e i social media.",Contro Chiara Ferragni,1
"Dite tutto quello che volete, ma ora che so che i soldi del Pandoro se li pappa tutti la Ferragni, ho pi√π voglia di comprarli. Almeno so dove vanno a finire.
Non mi piace fare beneficenza. Perch√© devo dare a persona che ne hanno bisogno? Meglio darlo ad una self-made woman, portavoce del femminismo e della lotta contro il patriarcato.
/s",Pro Chiara Ferragni,1
Tu credi che lo abbia imparato a memoria? Secondo me ha pagato qualcuno per scrivere il discorso e come in TV dietro la videocamera c'era un paggetto con il discorso che doveva leggere sul momento in mano.,Neutrale,1
"Diopxxxx! Due ore gi√† 200 commenti, qua i pagliacci siamo noi!",Neutrale,1
"I follower della Ferragni sono raggruppabili in queste 3 categorie:

\- italiani che la considerano davvero un'influencer - 20%

\- personaggi famosi, influencer, pseudo-influencer e wannabe influencers italiani ed internazionali che la seguono per segnalare il proprio status da personaggio famoso, influencer o pseudo-influencer o wannabe influencer - 40%

\- gooners, indiani e sud-est asiatici che commentano ""show titz plaese"" 40%

Il follow dato a lei vale quanto quello dato alle Kardashian o altre celebrit√† con oltre 20 milioni di followers. Non frega nulla del contenuto portato dall'influencer in s√©, ci√≤ che interessa √® manifestare la propria appartenenza a quella nicchia dell'internet (beauty, family blogging, moda, VIPs) come status symbol. Essere o aspirare ad inserirsi come influencer in questi spazi senza seguire la Ferragni √® come voler parlare di filosofia e non leggere Cartesio. Quindi √® tutta una questione di convenienza. Finch√© gli sponsor non la droppano (come successe a James Charles, per esempio), almeno.",Neutrale,1
"Non ne so una beneamata minchia e non sento la necessit√† di indagare, onestamente. Chiamala fortuna, chiamalo cinismo, ma sentirvi gridare in agonia e implorare piet√† da cinquemila chilometri di distanza rende l'inverno norvegese meno pesante per un attimo",Neutrale,1
Ma lascia perdere √® tutto un magna magna,Neutrale,1
"Quando si pensava fosse finito e che fosse un solo errore (in malafede ovviamente) l, ecco che ci stupisce ancora ed esce fuori che √© nel manuale dell'influencer.
Anche con le uova di pasqua ha fatto la stessa cosa. Giochi preziosi ha donato 36000‚Ç¨ e lei ne ha preso 1+mln‚Ç¨ per la campagna. Prossima mossa andare in giro a rubare cibo ai bambini africani",Contro Chiara Ferragni,1
"Uno schifo di influencer costei, falsa come le banconote da due euro, la toppa di ieri √® davvero peggio del buco, almeno i bambini malati non ci rimetteranno in salute",Contro Chiara Ferragni,1
"La cosa brutta √® che anche la Melona √® una influencer.
Il problema √® proprio culturale",Neutrale,1
"Io penso che lei abbia tutta le responsabilit√† di verificare tutti i suoi affari e quindi √® anche colpa sua, nonostante la mancanza di cattiva fede, ma tutta questa manfrina mediatica sincero la trovo imbarazzante. Nella mia vita lei non √® neanche lontanamente rilevante, lo diventa solo quando qualcuno frigna su qualcosa che lei o il marito hanno fatto o detto. Bello pensare che diate tutta questa attenzione a 1 milione di euro, quando Berlusconi √® stato condannato per averne evasi 400 e non si √® fatto un giorno di prigione. Per lui non fate x400 volte il casino che viene fatto per la ferragni. Misteri della fede.",Neutrale,1
"Bah, al di l√† della questione balocco rispetto quello che si √® creata, alla fine √® una sorta di divulgateice di prodotti per make up e quindi del pubblico femmile per lo pi√π. Trovo incredibile quello che √® diventato Khaby Lame. Per√≤ sono opinioni soggettive.",Neutrale,1
"Tutti si sentono il diritto di giudicare, ma Ve lo prescrive il medico di giudicare? Se non ti piace vai avanti leggi Pasolini, Dante.. amen",Neutrale,1
"16mila follower persi sono comunque troppo pochi. 1milione e 600mila sono pochi comunque. 30 milioni persi sono pochi comunque. In altre parole, C.F. mi sta altamente sulle scatole. Con questo ho detto tutto. Come direbbe un certo nonno Libero, una parola e troppa e due sono poche (anche un follower √® troppo per gente come lei)",Contro Chiara Ferragni,1
https://twitter.com/eagle1maledetto/status/1736827967400005893?t=p5v7ROP0qAJ8FmPfQqrAPA&s=19,Pro Chiara Ferragni,1
Perfettamente d'accordo,Pro Chiara Ferragni,1
"Beh allora, sulla questione follower, tanto rimane un cimitero, nel senso che ci sono youtuber decaduti che hanno ancora milioni di follower ma inattivi, che non vanno a togliere il follow. In realt√† se controlli, la fan base attiva √© molto ridotta, ovviamente per questione di numeri rimarr√† sempre relativamente alta. Il panettone in questione ha deluso le prospettive di vendita, quindi alla fine gli rimane solo E-commerce, le pubblicizzate in quanto VIP etc. Ma ormai non ha questo impatto forte reale, lo ha in percepito perch√© fa costantemente cazzate assieme al marito. Sta chiaramente cercando di convertirsi perch√© non √© pi√π come dieci anni fa, anche se avr√† sicuro la sua rendita fissa e bella alta, costruita negli anni. Insomma, secondo me non ci sono milioni di persone a difesa, specialmente in Italia dove il sentimento generale verso la popolarit√† e il successo √© di odio generale. Rester√† sempre Chiara Ferragni, la prima influencer e avr√† sempre uno zoccolo duro, non importa cosa far√†, √© un status symbol di ricchezza",Neutrale,1
"Benvenuto su internet, dove la gente viene alimentata e vive tramite pollici in su digitali,",Neutrale,1
"NUOVA NOTIZIA

*Chiara Ferragni, prima il pandoro poi le uova: ""Oltre 1 milione a lei e solo 36mila euro in beneficenza""*

\- [**Marianna Gulli**](https://www.milanotoday.it/author/profile/marianna-gulli/18473499001100/) Redattrice 19 dicembre 2023 11:44",Contro Chiara Ferragni,1
"Sprechi di ossigeno . E te che valori hai oltre l‚Äôodio ? Capita di sbagliare. Se a te invitano , influencer , a presentare un prodotto perch√© pagato che ne sai che poi quel prodotto sua uno scam e che il produttore in realt√† aveva creato una truffa e scappa col malloppo? Nessuno lo pu√≤ sapere io uso la tua immagine per creare legittimit√† e credibilit√† , se poi io ti pago tot milioni e non ti dico il motivo ossia la donazione ma la faccio come azione commerciale non ne ho colpa. Poi dopo vieni a sapere che in realt√† dovevi donarli. C‚Äôera scritto sull‚Äôaccordo? No infatti ecco perch√© lei parla di errore di comunicazione. Ha poi risolto donando il milione . Fine . Fatevene una ragione e basta",Neutrale,1
"Pi√π se ne parla, pi√π si alimentano i dati della sentiment analysis su cui saranno preparate le prossime strategie comunicative (al pari di come √® stata messa a terra questa).

Ha ragione chi dice che si dovrebbe solamente ignorare e passare avanti. Se non hai i dati di chi ti giudica, non ti resta, in caso di necessit√†, che fare scelte legate al proprio buonsenso (se ne hai). Spegnete i social e vedrete che emerger√† il vero ""io"" di ognuno di questi personaggi (oltre probabilmente a vivere meglio voi :) )",Neutrale,1
"Lo specchietto delle allodole per il popolino.
La Meloni vi ha fottuto proprio per benino.",Neutrale,1
I soldi non li fai sempre onestamente cit!ma mettendolo nel culo sempre a qualcuno!,Neutrale,1
Ma che ti frega? Pensa alle cose belle della tua vita,Neutrale,1
"per√≤ in cosa √® differente da innumerevoli altri figure del passato? cambia solo il mezzo.  


cio√® non √® diversa da qualsiasi altro imprenditore, solo che il suo prodotto √® lei stessa e come ogni altro prodotto si promuove facendosi pubblicit√†",Neutrale,1
Qualcuno ha capito perch√® hanno condannato lei per i panettoni e non la Balocco?,Neutrale,1
Vai a lavorare in acciaieria che ti distrai,Neutrale,1
Ho scoperto che ka mia ragazza la segue e ha messo like al suo finto video di pianto. Non so come reagire onestamente: mi manca il fiato,Neutrale,1
"Allora chiedo qua. Oggi sono andato a pranzo dai miei e, finito sul discorso, mio padre ha detto che la Ferragni per scusarsi del fatto, di cui era all'oscuro, ha donato di tasca propria 1 milione all'ospedale.

Non ho ancora avuto modo di controllare la veridicit√† o meno di questa dichiarazione, qualcuno mi sa illuminare per cortesia?

Non che questo faccia cambiare minimamente la mia bassissima stima che ho nei confronti dei Ferragnez.

Grazie",Neutrale,1
"Per la Ferragni provo indifferenza totale, mi danno pi√π fastidio i post come i tuoi che mi riempiono la bacheca reddit di informazioni completamente inutili con gossip di gente inutile e che non fanno altro di pubblicizzare questa gente inutile. Se tutti facessero come me ignorando al 100% certi elementi, questi elementi non esisterebbero. Purtroppo invece la gente continua a parlare e condividere, in modo positivo o negativo (che tanto √® uguale) e mantengono viva la presenza di questi esseri miserabili. Speravo che almeno su reddit la merda rimanesse fuori dalla mia porta, ma vedo che continuate a portarla anche qui",Neutrale,1
"Il tuo √® un commento un po' fine a se stesso, Ferragni √® prima di tutto imprenditrice, e in questo non si pu√≤ dire non ci abbia messo del suo per fare carriera, il problema nasce quando un imprenditore ha anche una vita pubblica documentata 24h su 24h, prendi un qualsiasi dirigente di azienda e mettilo sotto la lente d'ingrandimento e vedrai quante magagne, il punto √® che secondo me non doveva scusarsi, mi sarei limitato ad un ""siamo al corrente del problema e stiamo facendo di tutto per risolvere"", il fatto √® che in quanto esseri umani sono si ben felici di avere soldi ma vivono anche di consensi, e temo che le due realt√† faticano nel coesistere, ecco perch√© il suo gesto ha fatto storcere a molti il naso, a me poco importa ho gi√† la mia vita da sistemare, per√≤ la mia analisi spiccia di mero spettatore mi porta a pensarla cos√¨",Neutrale,1
"Di Balocco, (inteso come fesso in dialetto Toscano), c'√® solo chi la segue.",Neutrale,1
"Ehm, non saprei che dirti. A me personalmente della Ferragni importa sega. Non comprer√≤ mai n√© i suoi pandori n√© i prodotti di qualsiasi altro se finalizzati alla beneficenza per il semplice motivo che in sto paese di furbi chiss√† dove finiscono. Poi se una mandria di idioti la segue, la ammira, la idolatra e gli d√† i soldi per campare, cazzi loro. Fa bene lei a farseli dare.",Neutrale,1
"a me non frega un cazzo, √® la normalit√†

un po' come i politici che hanno rubato milioni e milioni e non lavorano

per me la ferragni poteva fregarsi pure di pi√π, il problema √® chi le compra gli astucci a 200 euro, i pandori a 80 euro, l'acqua da mezzo litro a 8 euro e via dicendo. poi ok, torniamo sempre al discorso  ""eh ma ognuno spende i soldi come vuole"", quindi io resto a testa china al sistema",Neutrale,1
"Rendiamoci conto che chi segue questi due soggetti voleva organizzare una manifestazione in varie citt√† d'Italia dopo la ""questione"" su di loro a Sanremo. Gli stessi che quando c'√® davvero qualcosa da manifestare in massa stanno sul divano a guardare Netflix, poi vengono a vomitare la loro ipocrisia dicendo che ci sono problemi pi√π importanti da trattare. Fate schifo porco *** pi√π di 30 milioni di depensanti, avanti cosi.",Neutrale,1
Preferisco non impegnare la mia mente e i miei sentimenti in tale spazzatura.,Neutrale,1
"C‚Äô√® da dire che nonostante tutto, lei ha donato 1 milione di euro ad un ospedale. Lei e suo marito hanno fatto tanta beneficenza negli anni passati. Quanto hai donato tu quest‚Äôanno? Quanto ha dato in beneficenza l‚Äôitaliano medio? Un cazzo. Non capisco da dove venga tutto questo odio contro di loro",Felice,1
"Ti dir√≤, domani mattina al bar prender√≤ cornetto alla Nutella e cappuccino",Neutrale,1
Amen fratello. Il tuo post dice tutto quello che c‚Äô√® da dire. Queste 30 milioni di persone sprecano inutilmente il nostro ossigeno,Neutrale,1
"La Ferragni √® un banner pubblicitario vivente, di fatto ha inventato questo, che mi sembra un lavoro difficilissimo da reggere a lungo. Potr√† averci fatto soldi, ma ci ha ipotecato la vita e quella dei figli. Non ho mai capito che cosa ci si trovi di tanto ammirevole in quel che fa, n√® la trovo cos√≠ intelligente quando mi capita di sentirla parlare. In sta faccenda poi ha fatto una figura oscena e la toppa che ha messo pare peggio del buco. Ora sono pure saltate fuori le uova. Non so se la gente dimenticher√†. I brand ancora meno. Secondo me stavolta la paga.",Contro Chiara Ferragni,1
"Per trovare una stazione radio che ne parli coi toni che vorresti sentire, devi sintonizzarti su Radio 24 alle 18:30. Come lottano!!!",Neutrale,1
Anche se brutta pubblicit√† a lei va bene comunque,Neutrale,1
"Bho, io sinceramente la penso come te..vorrei che tutti smettessero di botto di seguirla o calcolarla..fanno tanto i per benisti e con tutti i soldi che ha doveva pure incularsi quelli delle donazioni..che poi a dirla tutta, la gente lo comprava perch√© era di Chiara ferragni, sicuramente meno di un 40% erano quelli che lo hanno acquistato per fare davvero la donazione..ma sorvolando, si √® comunque comportata in modo scorretto e ha ammesso le scuse solo dopo essere stata sgamata..se nessuno l‚Äôavrebbe indagata ad oggi non avrebbe fatto nessun‚Äôaltra donazione con il ricavato di quei soldi..per me valeva prima poco e ad oggi vale ancora meno..purtroppo alle ragazzine di ste robe non frega nulla e neanche a quelle un po‚Äô pi√π adulte/mamme che giocano a fare L‚Äôinfluencer..tra 6 mesi sar√† tutto dimenticato e come se non fosse mai successo..che poi 16 mila follower su 30 milioni non sono proprio un cazzo..ne avrebbe dovuto perdere almeno la met√†..ma questo ti fa anche capire in che mondo viviamo oggi..",Contro Chiara Ferragni,1
"&#x200B;

https://preview.redd.it/01nu3lnoya7c1.jpeg?width=1300&format=pjpg&auto=webp&s=1bda8836bd2a7a03bb9ff12f362ebbde08c7515b",Neutrale,1
Ha detto che impugner√† la sentenza. Tbh spero che le toghe le infilino un bel palo nel culo![gif](emote|free_emotes_pack|grin),Contro Chiara Ferragni,1
"Influencer, calciatori, tronisti, trappers... il mondo √® pieno di mediocrit√† strapagate ed idolatrate senza giustificato motivo. Lo √® sempre stato, e sempre lo sar√†. Non ti curare di loro, ma guarda e passa.",Neutrale,1
"La mia opinione √® che per quanto mi stia sulle palle la Ferragni √® assolutamente ovvio che tu sia in bal√¨a di una narrazione giustizialista guidata per fini politici dal governo, che tenta in ogni modo di distrarre la gente dalla propria inadeguatezza e dalla finanziaria molto pesante che stanno approvando. Moltissimi influencer fanno come la Ferragni purtroppo, e sicuramente bisogna porre attenzione alla situazione, ma non √® questo l'intento delle accuse...",Neutrale,1
Oooohhhhhhhhttttimooooooo amicomiooooooooooooo (mi basta leggere radio24 per non capire pi√π niente),Neutrale,1
"La maggioranza (o almeno una buona fetta) delle persone √® stupida come la merda sciolta. Si comportano come se non avessero un cervello. Si comportano come nullit√†. E idolatrano il vuoto assoluto perch√© probabilmente rispecchia quello che sono: nullit√†. Il nulla. Quindi tutto regolare, purtroppo.",Neutrale,1
"Perfetta la descrizione:  ""Finto Strucco impeccabile"".",Neutrale,1
"Io seguo una streamer e cantante simpaticissima, carina e di talento, sia nel cantare sia nel giocare ai videogiochi: 1.7 milioni di iscritti.

Questa cialtrona che non so nemmeno cosa faccia su internet: 30 milioni?!

Reg√†, dovete rivedere le vostre priorit√†.",Contro Chiara Ferragni,1
"Chiara Ferragni fa bene, lo mette in culo a tutti i lobotomizzati che la seguono e addirittura comprano le sue cose, se lo meritano",Contro Chiara Ferragni,1
"ti svelo un segreto ma non dirlo a nessuno






anche tu la segui",Neutrale,1
"Guarda a parere mio (fai conto io non seguo minimamente n√© ho interesse per il gossip e cronache di questo genere) si sta cos√¨ bene senza sapere e/o trastullarsi il cervello su queste cose, queste sono porcate e non sono neanche problemi reali, tutto o √® pilotato o spinto in quella direzione perch√© alle persone piace il dramma e le controversie (che portano ascolti e interazioni col programma da parte di chi "" vuol dire la sua"").

Meno ascolto queste cose meglio √® anche perch√© quando le ascolto poi voglio dire la mia perch√© mi fanno incazzare e non serve ad un pipo, e poi a qualcuno non piace quel che ho detto ed inizia lui quindi fanculo tutto e tutti preferisco guardarmi i video delle piste delle biglie del 2007 che almeno mi diverto",Neutrale,1
Non so nemmeno chi sia,Neutrale,1
La storia vien fuori tutta dal fatto che √® famosa. Oggi con una mia amica stavamo riflettendo su come in questi casi sarebbe bello essere ricchi senza esser famosi...,Neutrale,1
"Queste persone si arricchiscono con il vostro seguito.
Il potere che hanno siete voi che glielo fornite costantemente ogni giorno anche solo avendola tra le pagine che seguite su Instagram.

Smettete di seguirla e ignorate la sua esistenza.

Questo √® l'unico modo per distaccarsi realmente da queste logiche malate.

I post di sfogo lasciano il tempo che trovano e servono solo fino ad un certo punto.",Contro Chiara Ferragni,1
"purtroppo, per errore di comunicazione, mi compaiono molte notizie e video su di lei",Neutrale,1
"Mi ricorda terribilmente ""Mamma"", il personaggio di Futurama.",Neutrale,2
cospargersi il capo di zucchero a velo non la salver√° dalla shitshorm,Neutrale,2
"fino a ieri diceva che non bisognava mettere in dubbio la sua famiglia per l'operato che fa a livello sociale.

Ora si scusa perch√© ha capito che non ci crede manco lei ahaha.",Neutrale,2
"Continua a essere subdola. Praticamente vuole donare 1 milione di euro che √® di fatto la stessa cifra che ha acquisito in modo illecito (e che l'AGCOM chiede). Fondamentalmente fa beneficenza con i soldi che ha preso dalla campagna. Quando in realt√† se vuoi fare le cose per bene paghi la multa (quindi restituisci i soldi che hai preso) e oltre a questo fai una donazione in beneficenza. Invece no, le persone come lei non devono mai andarci sotto.

Ma la parte in cui viene fuori la sua vera natura √® questa:

"" **impugner√≤ il provvedimento dell‚ÄôAgcom perch√© lo ritengo sproporzionato e ingiusto** . Il mio errore in buona fede  √® stato legare con la comunicazione una attivit√† commerciale a una di  solidariet√†. Purtroppo si pu√≤ sbagliare, mi spiace averlo fatto e mi  rendo conto che avrei potuto vigilare meglio. Ma, se la sanzione  definitiva dovesse essere - come spero - inferiore a quella decisa  dall‚ÄôAgcm, **la differenza verr√† aggiunta al milione di euro**. ""

Fondamentalmente vuole fare passare il messaggio che se l'AGCOM la sanziona in pieno toglie di fatto soldi per l'ospedale e per i bambini perch√® lei sar√† ""costretta"" a donare di meno, quindi cerca di porla al solito su un piano mediatico e di opinione pubblica. Come se non si sapesse che se fai beneficenza comunque hai dei vantaggi fiscali (quindi sul totale lei ci rimette molto meno), ma anche senza il dettaglio fiscale questa √® un'azione quasi mafiosa e ricattatoria. Il tutto oggettivamente fa molto schifo, perch√® sta continuando a sfruttare la cosa per un proprio tornaconto. Saranno anche degli esperti di comunicazione e marketing ma non sono in grado di comprendere che quando nella vita fai una cazzata, paghi e devi avere la dignit√† di stare zitto.

&#x200B;

*Si pu√≤ scherzare con un sacco di cose, ma non si pu√≤ scherzare con i bambini malati.* (**Kevin McCallister**)",Contro Chiara Ferragni,2
[deleted],Neutrale,2
"Vestiti grigi, zero trucco, look trasandato. Peccato per la recitazione, si poteva fare meglio",Neutrale,2
"1 milione per non perdere 10 tra engagement, rapporti con i partner e follower sui social.

Si era gi√† ampiamente parlato di questo ""errore"" l'anno scorso con campagna in corso ma guarda caso il milione arriva ad un anno di distanza, post multa agcom e bubbone social scoppiato.",Neutrale,2
"Da qualche parte, in un seminterrato nei quartieri buoni di Milano, un responsabile PR sta venendo sciolto nell'acido lentamente.

/s ma non troppo.

Classico esempio di sbattersi e spendersi per farsi una reputazione e perderla in 5 minuti scarsi.

Meh...",Neutrale,2
"/inb4NuovoVideoProtestaFedez

""Ma perch√© attaccano mia moglie???""

Really?",Pro Chiara Ferragni,2
"> ""Chiedo scusa"".

Traduzione: ""*Non ho altro modo per salvare la faccia e quelli che pago per dirmi cosa fare mi hanno detto che se faccio una donazione magari mi fanno pure i complimenti. Hi guys!* (¬ß)"".

&nbsp;

*(¬ß) Cazzomene gais, tanto li fatturo in 3 settimane (¬ß¬ß).*

&nbsp;

*(¬ß¬ß) Hai gaaaaais, scherzavo, li fatturo in una settimana lol lol.*",Neutrale,2
"Nessuno che le fa notare che se la donazione era sincera, donava prima di tutto sta casino e non casualmente solo dopo super pubblicizzando la cosa.",Contro Chiara Ferragni,2
"Fatevi un favore, non andate a leggere i commenti sul corriere. Mi sanguinano gli occhi.",Neutrale,2
Troppo comodo cercare di fare bella figura quando si √® stati beccati con le mani nel sacco. Che tristezza sta gente.,Contro Chiara Ferragni,2
Ha fatto l‚Äôunica cosa sensata che potesse fare in questo momento. Di sicuro ha fatto una figura di merda colossale. Almeno quel milione finisce nelle tasche di chi ha bisofno,Neutrale,2
ora ne vogliamo 2,Neutrale,2
"_A fare i pi√π puri alla fine si viene epurati_

Cit.",Neutrale,2
"Per inciso, questa non √® una decisione di Chiara Ferragni nella sua persona,  √® la decisione che ha partotorito il suo team di esperti della comunicazione e del suo brand.",Neutrale,2
Poteva donarli a chi √® pi√π bisognoso per√≤ (io),Neutrale,2
">lanciato da Balocco a novembre 2022 al costo di oltre 9 euro (rispetto ai circa 3,70 euro del pandoro classico)

MFW pago un panettone letteralmente non meno di 30‚Ç¨ l'uno",Neutrale,2
"La cosa ridicola √® che si √® conciata in quella maniera (capelli raccolti e probabilmente sporchi, faccia gonfia) probabilmente appositamente per mostrarsi ancora pi√π dispiaciuta sembrando una che non dorme da giorni dal dispiacere",Contro Chiara Ferragni,2
"Basic influencer apology starter pack:

- video ‚Äúnon preparato‚Äù
- look ‚Äútrasandato‚Äù
- ‚Äúsi ma ero in buona fede‚Äù
- ‚Äúci metto la faccia‚Äù
- donazione (sgravio fiscale)",Neutrale,2
"""Chiede scusa"" ma *piange online* e poi impugna la sentenza.

* **L'influencer in lacrime su Instagram: ‚ÄúImpugner√≤ la sanzione ma doner√≤ comunque 1 milione all'ospedale Regina Margherita. Ho sbagliato‚Äù** ([fonte](https://video.repubblica.it/spettacoli-e-cultura/ferragni-dopo-il-caso-balocco-a-sorpresa-annuncia-su-instagram-donero-1-milione-al-regina-margherita/459326/460291?ref=RHLF-BG-P1-S2-T1)).",Felice,2
"Nel mulino che vorrei, basterebbe sta storia per sotterrarla definitivamente come influencer di qualunquecosa

E invece tra una settimana nessuno si ricorder√† pi√π niente, come il compleanno all'Esselunga

Che amarezza",Neutrale,2
"Mi fa ribrezzo vedere gente del ceto medio che spende quasi tutto lo stipendio nell'affitto di casa propria difendere ed empatizzare con questi plurimilionari che chiedono scusa in un video ad hoc con trucco da funerale, abiti scuri, e capelli legati. Ogni particolare √® studiato al dettaglio e dietro queste persone c'√® una squadra di professionisti ben preparati. Per√≤ avanti con la retorica del ""lei ha chiesto scusa i politici l'hanno mai fatto?""


Schifo.",Neutrale,2
"Dice di aver sbagliato, ma far√† comunque ricorso perch√® reputa il provvedimento dell'AGCM ""sproporzionato e ingiusto"". Ah gi√†, ha commesso solo ""un errore di comunicazione"".

Bene, ma non benissimo.",Neutrale,2
E intanto si asciuga le lacrime con le banconote. √à la scena che mi fa venire in mente questo titolo,Contro Chiara Ferragni,2
"Per me √© il miglior regalo di Natale

La Ferragni sputtanata e un milione di euro in pi√∫ all'ospedale.
Se tanto mi d√† tanto questo video di scuse riscaldato se lo berranno solo i suoi fedelissimi.",Neutrale,2
Credo che 1 milione di multa sia decisamente troppo poco.,Neutrale,2
"Regina Margherita: non abbiamo ricevuto nulla!

Agcom: si sfrega le mani",Neutrale,2
"la faccia come il deretano.

se non la sgamavano col piffero che donava i soldi

> ¬´Sono sempre stata convinta che chi √® pi√π fortunato ha la responsabilit√† morale di fare del bene ‚Äî scrive su Instagram insieme a un video nel quale appare provata, quasi alle lacrime ‚Äî.  Questi sono i valori che hanno sempre spinto me e la mia famiglia.  Questo √® quello che insegniamo ai nostri figli. Gli insegniamo anche che  si pu√≤ sbagliare, e che quando capita bisogna ammettere, e se  possibile, rimediare all‚Äôerrore fatto e farne tesoro. Ed e quello che  voglio fare ora. Chiedere scusa e dare concretezza a questo mio gesto: [devolver√≤ 1 milione di euro al Regina Margherita ](https://www.corriere.it/economia/consumi/23_dicembre_18/ferragni-multa-balocco-chiedo-scusa-daro-1-milione-bimbi-d6b6e066-9dac-11ee-894b-33071cf732ac.shtml) per sostenere le cure dei bambini¬ª.  

Quando leggo queste parole mi viene in mente Mandrake ""mannagg li mmmmm...""",Felice,2
una donazione del tutto disinteressata,Neutrale,2
"Certo che se gli italiani si unissero contro gli sprechi pubblici cos√¨ come si uniscono in queste shitstorm contro la Ferragni, vivremmo in un paese migliore.",Neutrale,2
E pensare che avrebbe potuto fare un pandoro senza prevedere ne citare nessuna donazione e la gente lo avrebbe comprato lo stesso.,Neutrale,2
"[Zio Peppe MODE ON]
Questa caca millioni di euro come bruscolini, io veramente boh.
[Zio Peppe MODE OFF]",Neutrale,2
"Le/gli shill della Ferragni nei commenti sotto il post sono letteralmente identici agli shill di Elon o un miliardario qualsiasi, pronti a prostrarsi e chiedere indulgenza per un un brand, una corp o un indviduo a cui non frega niente di loro e vuole solo vendergli qualcosa. Ancora pi√π terribile considerando il fatto che Ferragni sa benissimo della relazione para-sociale che ha col suo pubblico. Atteggiamento e gesto a dir poco manipolatorio, palesemente volto a influenzare l'opinione pubblica, ma anche l'ente regolatore. Non c'√® da sorprendersi ma mi suscita comunque lo schifo vederlo succedere.",Neutrale,2
Il successo di un influencer √® direttamente proporzionale alla stupidit√† dei suoi followers.,Neutrale,2
"A me √® sempre stata x. Ma tutti sbagliano e chi sbaglia paga. Lei inoltre chiede pubblicamente scusa e in pi√π fa una donazione. √à tanto, √® poco? Opinabile. Ma ricordiamoci che viviamo in un paese in cui ogni mese un politico viene colto con le mani nella marmellata e la volta dopo √® ancora l√¨. Senza chiedere scusa. 
Quindi se vogliamo fare 3 volte je accuse dobbiamo stare come minimo attenti a dover usare lo stesso metodo su tutto, poi guardarci allo specchio e quindi  preparaci alla strage.",Neutrale,2
Ma chi se ne frega di questa,Neutrale,2
"Essere poveri √© uno stato economico, ma poveracci lo si √© se nell'animo",Neutrale,2
"Certo che poteva tirare fuori l‚Äôukulele ad accompagnare il video di scuse, ormai va di moda cos√¨",Neutrale,2
Ma la vera domanda √®: lo avrebbe fatto se non l‚Äôavessero brincata?,Neutrale,2
"Lo regala cos√¨, come fosse un doppione dei calciatori panini",Neutrale,2
"1. Le sanzioni comminate a fronte di comportamenti scorretti dovrebbero essere multipli del guadagno introitato grazie a quel comportamento. Se Ferragni ha incassato un milione, la sanzione dovrebbe essere almeno il triplo.
2. Un'associazione di consumatori (che non cito perch√© li detesto) ha preannunciato un esposto per truffa aggravata, e qui la nostra Chiara rischia parecchio di pi√π, soprattutto in termini di immagine.
3. Il fatto che abbia trenta milioni di followers √® un indicatore di quanto coglioni siano gli italiani (e non solo).",Neutrale,2
Segue foto di figli,Felice,2
"https://preview.redd.it/nt08outui27c1.jpeg?width=1242&format=pjpg&auto=webp&s=aabf534d090ca9dc08817c87183213e688915aaa

Di certo non ha problemi a rifarli",Neutrale,2
S√¨ ma finch√© non vedo la contabile del bonifico effettuato non ci credo.,Neutrale,2
Che personaggio vergognoso,Contro Chiara Ferragni,2
Vabb√® ora avete rotto il cazzo sto sub e la Ferragni. Ogni giorno almeno un thread,Contro Chiara Ferragni,2
Consiglio la lettura della decisione dell'AGCM senza passare da ulteriori filtri quali giornali o peggio Giorgia Meloni: [https://www.agcm.it/dotcmsdoc/allegati-news/PS12506%20chiusura.pdf](https://www.agcm.it/dotcmsdoc/allegati-news/PS12506%20chiusura.pdf),Neutrale,2
Non ho ben capito la storia. Viene accusata di aver fatto pubblicit√† alla balocco e questa si √® difesa dicendo che la collaborazione con Balocco non era una pubblicit√† ma una promozione a fini benefici. E poi salta fuori che non ha donato niente?,Neutrale,2
Firmata la petizione per boicottare Balocco? Stasera al supermercato era l‚Äôunica pila di panettoni rimasta l√¨ ahah,Neutrale,2
Se fossero veri signori dovrebbero rifiutarli ributtarli in faccia al mittente .,Neutrale,2
non ho ancora capito perch√© √® diventata famosa e ricca sta ritardata,Contro Chiara Ferragni,2
"c'ha provato e l'hanno beccata... Dagli scambi di email pubblicati sembra difficile pensare che l'abbia fatto in buona fede! A mio parere avrebbe fatto pi√π bella figura a pagare la multa e star zitta, invece probabilmente ricorrendo in secondo grado le verr√† diminuita la multa e noi italiani verremmo abbindolati nuovamente (1¬∞ prezzo triplicato panettoni, 2¬∞ pubblicit√† ingannevole, 3¬∞ eventuale diminuzione della multa). Il problema √® che tra 1 mese a dir molto nessuno se ne ricorder√† pi√π...",Neutrale,2
"Inqualificabili sia lei che il suo degno consorte !! Per i soldi farebbero di tutto, e per avere un po‚Äô di visibilit√† in pi√π farebbero ancora di pi√π. Squallidi con il loro falso perbenismo, il loro pseudo impegno sociale, le loro esternazioni saccenti.
Comunque se hanno il seguito che hanno vuol dire che agli italiani va bene cos√¨, perci√≤ ce li meritiamo e ce li dobbiamo sorbire ‚Ä¶ povera Italia !!!",Contro Chiara Ferragni,2
"Di casi simili ne conosco a palate e con cifre molto, molto pi√π elevate...spesso non riescono a raggiungere i giornali.
Per√≤ lei mi sta pi√π sul cazzo",Contro Chiara Ferragni,2
"Ho visto la storia che ha messo, devo capire se piangeva dispiaciuta per i bambini, per il danno di immagine o per la batosta economica. 

Comunque assurdo che non sia stata la prima a farsi due domande e a dire prima del macello ‚Äú ma sai 200.000‚Ç¨ intanto ce li metto io, tanto scarico pure dalle tasse‚Äù 

/s",Neutrale,2
"Che circo cazzo, che circo.

Immaginatevi Biden/Bush che, al congresso Democratico/Repubblicano, se la prende con un personaggio famoso per una trattativa commerciale con un'aziendaprivata. Roba che trovi in prima pagina solo in un paese che vive di cronaca rosa, gossip e soap opera, o con i media ridotti talmente male da dover grattare il fondo del barile con i click pubblicitari.",Neutrale,2
Pensate avere in casa qualcuno che la segue ü§Æü§Æü§Æü§Æü§Æ,Contro Chiara Ferragni,2
[Poverina per√≤... ](https://i.imgur.com/s5bWwqR.gif),Neutrale,2
Ora che √® stata scoperta...ignobile davvero.,Contro Chiara Ferragni,2
"Un po‚Äô tardi direi, avrebbe dovuto ammettere tutto quando la sentenza √® stata pubblicata. Si sarebbe risparmiata l‚Äôennesima figura da cioccolataia (marito incluso). Ma del resto un‚Äôarma di distrazione di massa fa sempre comodo‚Ä¶",Neutrale,2
Purch√© se ne parli..,Neutrale,2
"Per√≤ scusate chiaritemi una cosa.

Se ho capito bene Balocco e Ferragni si mettono d'accordo per vendere sto pandoro griffato a prezzo maggiorato. Ferragni fa pubblicit√† sui social dicendo che √® per beneficienza. Balocco paga Ferragni 1 milione di diritti per il suo marchio, e fa una donazione di soli 50 mila euro (fatta prima peraltro).

Ok attaccare la Ferragni figuriamoci, ma nessuno che dice niente a Balocco?  Voglio dire, mi sembra che pure loro abbiano donato spicci rispetto a quello che pare abbiano intascato.  Fra i due attori mi sembra quasi che la posizione peggiore sia proprio quella di Balocco. O ho capito male?",Neutrale,2
[deleted],Neutrale,2
"Intanto la vera vittima che pagher√† sar√† Balocco, dato che dovr√† pagare una multa che per l'influencer sono centesimi.",Neutrale,2
Ma la mollate per cortesia.......,Contro Chiara Ferragni,2
"La somma non basta. Ma a parte discorsi di denaro vorrei che si beccasse 1 anno di lavori socialmente utili all'interno dell'ospedale.

Pulire i pavimenti, i cessi, a salire fino a pulire i bambini. Fare tutto l'iter per imparare che in una societ√† civile, c'√® modo di ripulirsi per bene, con la pratica e non le menzogne",Neutrale,2
"Wow, non mi aspettavo questa mossa, anche se lo speravo fortemente.  
Bravissima, cazzo.",Felice,2
"Raga ma onestamente non penso che cambi molto, c‚Äô√® onestamente si sta gettando benzina sul fuoco.
Il fatto che la ferragni abbia deciso di donare 1 milione di euro la trovo una cosa bella, ma il fatto che se ne stia parlando cos√¨ tanto √® inutile, ha sbagliato e basta. (Opinioni personali)",Neutrale,2
"Dovrebbe rimborsare gli italiani e fare la donazione, se veramente ci tiene a farsi perdonare.",Neutrale,2
Ricchi che cercano di comprare i fan coi soldi. Fanculo a loro.,Contro Chiara Ferragni,2
"Donaci l‚Äôassenza della tua presenza da in mezzo alle balle e sar√≤ perennemente grato

Edit: si portasse anche il marito gi√† che c‚Äô√®..",Neutrale,2
ma che palle questa,Neutrale,2
Dire di donare 1 milione di euro √® come ammettere le proprie colpe.  Se √® giunta a una conclusione simile credo abbia capito a cosa sta andando incontro.,Neutrale,2
"Chiedere scusa e dare soldi in giro quando ti hanno sgamato non √® segno di pentimento ma paraculaghine ,se fosse successo il contrario si sarebbe fregata le mani e avrebbe sorriso sotto i suoi baffetti decolorati.",Contro Chiara Ferragni,2
‚ÄúDicesi Tintinnino alla mia Signora ricca figura di merda che anche oggi ho fatto‚Äù.,Neutrale,2
"Questa (e chi per lei) pensa che siamo tutti scemi, altrimenti non avrebbe avuto il coraggio di portare avanti questa messinscena.",Contro Chiara Ferragni,2
"Che schifo. Sarebbe stato meglio se non avesse fatto alcun video. Ha solo peggiorato la situazione ma ha finalmente confermato di essere una merda.

Si mette pure a piangere per finta, senza trucco e con aspetto trasandato.

Poi dice che nella vita si sbaglia. Nelle scuse si chiede scusa, non ci si perdona da soli. Quello spetta agli altri.",Contro Chiara Ferragni,2
Cio√® per scusarsi vuole donare i soldi che avrebbe gia dovuto donare?ho capito bene?,Neutrale,2
Ma √® una donazione da 1 milione oltre la multa o √® la multa che va in donazione?,Neutrale,2
Ah avevo capito alla Regina Elisabetta,Neutrale,2
"Doveva fare questo e l‚Äôha fatto, complimenti dopo aver rendicontato eh",Felice,2
Bravi tutti a dare gli spicci dopo che ti beccano con le mani nella marmellata,Neutrale,2
"Ma noooooo io stavo gi√† montando la ghigliottina, c'√® sempre l' anno prossimo per√≤ c'√® sempre l'anno prossimo",Neutrale,2
Soldi ben investiti.,Neutrale,2
solitamente quando si fa una donazione si preferisce restare anonimi!,Neutrale,2
vaffanculo,Contro Chiara Ferragni,2
"Ha detto anche quando far√† questa donazione da un milione di euro oppure le tempistiche sono curiosamente non specificate?

Ironia a parte non leggo l'articolo causa paywall quindi magari c'√® scritto non lo so.",Neutrale,2
"Giusto per i benefit fiscali, nice try",Neutrale,2
E pare avesse gi√† fatto lo stesso trucco con le uova di pasqua. https://www.google.com/amp/s/www.lastampa.it/cronaca/2023/12/19/news/chiara_ferragni_uova_di_pasqua_beneficenza-13942371/amp/,Neutrale,2
"E con la doppia botta di pandori e uova di Pasqua, faccio un pronostico: la Chiara si ricicla come 

1) born again Christian ho ritrovato dio, chi lo aveva perso?

2) bad girl in un film con Ricky Memphis, la Chiara impara il romanesco e diventa sorcina, perch√© topona pare brutto

3) sponsorship di quella merda di psicologi ad ora on-line, come gestire la dissonanza cognitiva e aggiornare il look in two simple steps

La butto in caciara perch√©, come diceva Cetto, se li piscio li lavo, se li sputo li profumo.",Neutrale,2
"Comunque alla Balocco salteranno un po' di teste, sempre che non siano gi√† saltate.",Neutrale,2
Investimento pubblicitario.,Neutrale,2
E ora sembrerebbe sia avvenuta la stessa cosa per le uova di Pasqua,Neutrale,2
te lo darei io il pandoro....,Neutrale,2
"Non c'√® speranza, siamo un popolo di rincoglioniti.


> **La tuta che indossa Chiara Ferragni nel video di scuse √® sold out** - https://www.open.online/2023/12/20/chiara-ferragni-tuta-scuse-video-capo-sold-out/",Neutrale,2
"Questa pur di fare soldi venderebbe la madre. Ora fa pure la splendida con la lacrimuccia, intanto i soldi te li sei inguattati. Che schifo di persona.",Contro Chiara Ferragni,2
"Trovo aberrante sfruttare la beneficenza per vendere un prodotto, anche fosse genuina. 

Se poi √® pure farlocca sei proprio una merda",Neutrale,3
"Tutto ci√≤ che so su Chiara Ferragni, lo so contro la mia volont√†.",Neutrale,3
"La cosa che mi disgusta maggiormente √® il fatto che abbiano pagato 1 milione di euro alla Ferragni per pubblicizzare una donazione di 50mila euro all'ospedale. E non contenti, l'hanno fatto con modalit√† palesemente ingannevoli. Pessimi sia Balocco che la Ferragni e tutto il suo seguito di parassiti.",Contro Chiara Ferragni,3
"Tranquilli, i suoi fans monetizzati le hanno di fatto gi√† pagato l'importo della multa.

√à bello sapere che gli influencer fanno (sia pure involontariamente) del bene allo Stato.

Speriamo solo che lo Stato non sprechi i soldi che incasser√† con quella multa, ma li usi per i servizi al cittadino.",Neutrale,3
"Oltre alla multa sarebbe anche carino aggiungere una bella donazione obbligatoria da un milione di euro all‚Äôospedale, ovviamente non detraibile",Neutrale,3
"Hai posto la domanda come se avessero commesso un errore dovuto alla sbadataggine. Gli influencer sono tali perch√® vivono di pubblicit√†. I video e i post vengono appositamente studiati in ogni singolo aspetto per trasmettere un'apparenza, ma questo non significa che la persona reale dietro alla telecamera non sia meschina e senza scrupoli. Pensa per esempio a quelle influencer che sono state beccate a versare spazzatura in una spiaggia e poi abbandonarla solo per registrare 30 secondi di video in cui facevano finta di raccoglierla.

La Ferragni ha dimostrato diverse volte di essere una persona cos√¨, come per esempio quando ha sfruttato il caso dell'omicidio di Giulia per far pubblicit√† a Dior. Mi stupisce che cos√¨ tante persone continuino a seguirla ciecamente, ma evidentemente i suoi video sono davvero studiati al meglio se riescono a cancellare gli scandali.

Non sottovalutare il mondo del marketing, non sai quante regole nascoste esistono.",Neutrale,3
"""Chiara, ma fottiamo i nostri fan pure a Natale?""

""Abbi Fedez, a Natale puoi""",Neutrale,3
"Ancora gente che si stupisce di quanto sia marcia sta persona? Una schifosa col soldo e la fama come unica religione, li mette davanti ai suoi di figli, figuriamoci se gliene frega un cazzo di quelli malati degli altri.

Ma il problema non √® lei, ma chi la idolatra e trover√† anche stavolta qualcosa per difenderla.",Contro Chiara Ferragni,3
"Ho letto un po' di documenti ed √® incredibile.. Mai pi√π un pandoro Balocco, andassero a fare in culo

A quanto pare la donazione, misera, non √® stata manco fatta a novembre-dicembre, cio√® il periodo dell'iniziativa, ma era una donazione gi√† fatta a maggio 2022  
E parliamo di appena 50.000‚Ç¨, mentre la retribuzione pagata da Balocco all'azienda della Ferragni √® di 1 milione di euro, 20 volte tanto .\_.  (fare l'opposto, no eh?)

Ricordo che l'anno scorso stavo per acquistare 2-3 pandori, nonostante il prezzo pi√π elevato (sui 10‚Ç¨ rispetto ai 3‚Ç¨ per quello non griffato) proprio perch√® convinto, come molti altri, che quella differenza finiva all'ospedale per aiutare la ricerca sul cancro, in particolare si parlava di osteosarcoma e sarcoma di Ewing, tumore che colpisce in primis i bambini.  
Tra l'altro parliamo di tumori abbastanza tremendi, con un 30-40% di morte entro i 5 anni dalla diagnosi...

Comunque se guardate su Youtube √® pieno di video unboxing dove la gente spacchetta questi pandori e parla dell'iniziativa, e del fatto che s√¨ certo, costa il triplo, ma almeno i fondi raccolti finiranno all'ospedale Regina Margherita .\_.  
Chiss√† come sono stati spesi invece .\_.

Video a caso, da minuto 10:15 fino al 10:40: [https://www.youtube.com/watch?v=NYbcM5igZQA](https://www.youtube.com/watch?v=NYbcM5igZQA)  


Edit: Che poi qual √® il senso di fare delle multe pari al valore del ricavato? Non dovrebbero essere pi√π elevate? Cos√¨ √® come se non ci fosse alcun deterrente, ed √® chiaro che le aziende continueranno a fare ste stronzate, tanto nel peggiore dei casi dovranno restituire il bottino e bon",Contro Chiara Ferragni,3
Che figura da stronzi,Neutrale,3
"Per fare beneficenza non c'√® bisogno di comprare un pandoro ""griffato"". Basta donare a qualsiasi ente o persona bisognosa, ce ne sono ovunque, in tutta Italia.

La Balocco ha donato 50.000 Euro ma ne ha spesi 1.000.000 per pagare i diritti della Ferragni. Questo la dice lunga sul senso delle priorit√† e sul senso di ""donazione"".",Neutrale,3
Chiss√† quanti casi simili ci sono ma non ne siamo a conoscenza. Sicuramente questa √® la punta dell'iceberg,Neutrale,3
"La multa ci sta tutta sarebbe bello se una parte dei soldi andasse all'Ospedale Regina Margherita di Torino.

Facendo  l'avvocato del diavolo, anche se la Chiara Ferragni non sapeva che la donazione fosse gi√† stata fatta, ha comunque truffato i vari compratori  che pensavo di donare a una buona causa. L'ignoranza non √® scusa √® in questo caso essendoci varie compagnie in mezzo  si tratterebbe di  negligenza ed in casi come questo si pu√≤ considerare criminale.",Neutrale,3
"""Questa bitch non mi influenza se fa beneficenza""",Neutrale,3
Ma infatti √® quello che mi stupisce. Sei una delle influencer pi√π famose al mondo e fai ste cagate? Mah,Neutrale,3
"1) La legge √® solo per i poveri. Per i ricchi √® al limite un set di indicazioni non vincolanti, soprattutto se l'unica penalit√† √® una multa.

2) Idem per l'attenzione. Non ti serve fare attenzione se hai ""fuck you money"".",Neutrale,3
"Mi sembra abbastanza evidente l'ipocrisia. Fedez fece (e continua) una battaglia contro il Codacons proprio per una situazione molto simile: far finta di star prendendo soldi per fare beneficienza e poi non era cos√¨. La battaglia contro il Codacons era giustissima e ricordo Fedez fosse anche particolarmente veemente. Vero che Ferragni √® la moglie e non √® vincolata da quello che fa il marito, per√≤ mi sembra una discrepanza enorme rispetto alla loro linea comunicativa comune e soprattutto al dente avvelenato di Fedez nei confronti del Codacons pe la vicenda. A questo punto dovrebbe comportarsi nei confronti della moglie allo stesso modo? Spero che lei ammetta l'errore e si scusi pubblicamente.",Neutrale,3
"Non vedo l'ora dell'ascesa degli influencer IA e mandare nell'oblio figure come queste. Non ho mai seguito/letto un post di questa donna ma il narcisismo e il finto buonismo che mostra nei media √® aberrante, √® vero che a volte i soldi rendono mostri le persone...

La domanda sorge spontanea: la Balocco aveva gi√† fatto la donazione, quanto √® responsabile per la societ√† di Ferragni che si √® messa i soldi in tasca?",Contro Chiara Ferragni,3
Ha da ven√¨ baffone.,Neutrale,3
"Tutti vomitano astio (giusto) su Ferragni e berciano su quanto detestino lei e Fedez, ma io ricordo un paio di anni fa su questo sub quando veniva esaltato come nuovo eroe col mantello quando mandava affanculo la Rai al primo maggio o per la beneficenza per il reparto covid al San Raffaele. Si era al punto che ad ogni ingiustizia partiva il ‚Äúprova a scrivere a Fedez‚Äù, come fosse Batman. Adesso si scopre che lui e la moglie sono solo dei malati di soldi e protagonismo. Tu pensa.",Neutrale,3
"Le aveva parlato anche u/mgpf proprio un anno fa, quando era uscito con [un video](https://www.youtube.com/watch?v=Uy0JxlQNsW8).

Anche dal mio punto di vista √® **al limite**. Sostenevano un'iniziativa, ma la donazione era a priori, nessun legame con le vendite del dolce.

Ma non so quanto questa iniziativa abbia convinto qualcuno a comprare, secondo me ha venduto per il marchio (Ferragni).",Neutrale,3
"Dico solo due cose:

1. Se uno √® cos√¨ pirla da comprare un pandoro griffato ferragni, forse forse di essere un po' preso per il culo se lo merita

2. Perch√© comprare 10 euro di pandoro griffato pensando che poi magari 1 euro va in beneficenza quando si potrebhe direttamente dare 5 euro in beneficenza e con i restanti 5 prendere un pandoro non griffato? E torniamo al primo punto",Neutrale,3
"Non posso e non voglio credere che persone cos√¨ attente alla propria immagine, molto abili a vendersi come prodotto, siano all'oscuro della trama.

Come se puf, incassi un bel gruzzolo ma oh ""non avevo letto le scritte sulla confezione""

√à grottesco difenderli.",Neutrale,3
"Questa vicenda dimostra ancora una volta, e se mai ve ne fosse stato bisogno, l'indiscutibile superiorit√† del Panettone.",Neutrale,3
"Io sinceramente, in modo un po‚Äô perverso, godo.
Perch√© non e‚Äô possibile che venga data visibilita a persone di questo tipo. E quando io dico alla gente che conosco che sta gente mi sta sui coglioni, mi guardano tutti storto.
Ecco, mo teneteveli",Contro Chiara Ferragni,3
"In ogni caso, io mangio solo panettoni.",Neutrale,3
"Non sorprende, questa e il marito √® da anni che usano la beneficenza come foglia di fico per fare il cazzo che vogliono. Mi ricordo quella cafonata assurda del compleanno in supermercato, dove gli invitati potevano prendere quello che volevano, ed √® finita che la gente spaccava e si tirava addosso di tutto, buttando via migliaia di euro di cibo. E l'idea che hanno avuto per disinnescare le polemiche? Ovvio: beneficenza.",Contro Chiara Ferragni,3
Vabb√® del resto lei √® abituata a fare soldi sulle spalle dei bambini,Contro Chiara Ferragni,3
Probabilmente lo sapevano che sarebbero andati incontro ad una sanzione. Non fateli cos√¨ sprovveduti.  Balocco pagher√† la multa ma ha ottenuto il suo scopo,Neutrale,3
[removed],Neutrale,3
Quanta √® caduta in basso. Mi aspetto un sacco di stories con lacrimucce su instagram inventando migliaia di scuse e che qualche suo collaboratore lo ha ingannata e che non ha ricevuto nemmeno 1 centesimo da questa vicenda.,Contro Chiara Ferragni,3
"Pochi mesi dopo questa campagna pubblicitaria il presidente di balocco √® morto colpito da un fulmine.

Cos√¨ per dire per quei due o tre sfigati che dubitano del senso di giustizia delle divinit√† norrene.",Neutrale,3
"Ah ma sicuramente l'attenzione la prestano eccome, ma probabilmente solo alla cifra scritta in fondo al contratto..",Neutrale,3
"Prestare attenzione? Sono influencer, il loro UNICO scopo √® la soddisfazione narcisistica del proprio ego (e portafoglio) proprio tramite la manipolazione degli ignoranti.",Contro Chiara Ferragni,3
Godo come un riccio.,Felice,3
Adesso trema üòÇüòÇ . Li rif√† in due settimane . Anvedi che multa ü§£ü§£,Neutrale,3
"Hai un solo pandoro, a chi lo dai? semicit.",Neutrale,3
"Se scrivessi davvero cosa penso di questi ""influencer"" probabilmente verrei bannato.

Dico solo che siamo ai limiti della circonvenzione di incapace.",Neutrale,3
"Non √® una personalit√† del web da quattro visual, il suo team di avvocati e consulenti deve aver approfondito la cosa e quindi dovrebbe aver accettato le cose cos√¨ per come sono. Impensabile che firmi per fare la testimonial per una campagna cos√¨ delicata senza avere certezze riguardanti le modalit√† di beneficenza",Neutrale,3
"A me sinceramente da fastidio lei, ma ancor di pi√π Fedez.  
Per√≤ penso di poter immaginare che non √® certo lei ad occuparsi di queste cose, ne a livello di marketing, ne a livello fiscale, ne a livello normativo, ne a livello di beneficenza/raccolta fondi.  
Tireranno le orecchie a qualcuno spero (anche solo per la pubblicit√† negativa che ne deriva).",Neutrale,3
Godimento puro e assoluto,Felice,3
">In dettaglio, l'Autorit√† garante della concorrenza e del mercato ha sanzionato le societ√† Fenice S.r.l. e TBS Crew S.r.l., che gestiscono i marchi e i diritti relativi alla personalit√† e all'identit√† personale di Chiara Ferragni, rispettivamente per 400 mila euro e per 675 mila euro, e Balocco S.p.A. Industria Dolciaria per 420 mila euro.

Insomma, Chiara Ferragni come persona non c'entra nulla. Non solo perch√© la multa non √® nemmeno rivolta a lei personalmente, ma anche perch√© se esistono delle societ√† che gestiscono i diritti relativi al suo marchio e alla sua persona evidentemente si tratta di qualcosa che non ci si aspetta possa essere gestito direttamente dal singolo.

Esattamente come la mia contabilit√†, che pure ha l'1% di complessit√† della gestione dell'impero Ferragni, ma che l'affido ai tizi del CAF per non farla da me‚Äîe non mi aspetto che qualcuno chiami *me* scemo o addirittura criminale se quelli sbagliano qualcosa facendo le dichiarazioni.",Neutrale,3
"Non ho mai capito come fa e ha fatto i soldi questa, e che cavolo fa nella vita",Neutrale,3
" **Antitrust, maxi multa a Chiara Ferragni e Balocco per pandoro... ma dico certe personalit√† cos√¨ socialmente esposte non hanno il dovere di prestare un po' pi√π attenzione alle cose che fanno?** 

[https://www.ansa.it/sito/notizie/cronaca/2023/12/15/antitrustmaxi-multa-a-chiara-ferragni-e-balocco-per-pandoro\_17fa1374-8eee-4ca5-82ee-09c290121ae9.html?fbclid=IwAR04\_\_zM6OIlDVF9onvVsiWuYKdIsuaVNapiRl3mn\_b09rN\_kuWBvW818-Y](https://www.ansa.it/sito/notizie/cronaca/2023/12/15/antitrustmaxi-multa-a-chiara-ferragni-e-balocco-per-pandoro_17fa1374-8eee-4ca5-82ee-09c290121ae9.html?fbclid=IwAR04__zM6OIlDVF9onvVsiWuYKdIsuaVNapiRl3mn_b09rN_kuWBvW818-Y)",Neutrale,3
"Sul lastrico devono finire...

Gente ""famosa per essere famosa"" che non d√† nulla alla societ√† e continua ad arricchirsi alle spalle di tordi e ingenuotti che li idolatrano senza ragione alcuna.

Il vuoto pneumatico.",Contro Chiara Ferragni,3
"godo, della cosa mi frega meno di zero, ma godo",Neutrale,3
Stai scherzando?,Neutrale,3
"√à pubblicit√† anche quella    wilde diceva ""bene o male, purch√© se ne parli ""  il problema sono le tonnellate di mentecatti che sbavano dietro ad una tizia magra come una costina bruciata, piatta,  diplope e sposata con un....boh  , un coso",Neutrale,3
"A me dispiace per Fedez che nel bene e nel male e con i suoi limiti mi sembra un ragazzo in gamba con cui ci berrei volentieri una birra assieme‚Ä¶

 la Ferry vorrei prenderla a ceffoni finch√© mi cadono le mani.",Neutrale,3
Fedez l‚Äôha rovinata. Pensano solo ai soldi.,Contro Chiara Ferragni,3
Provvedimento ridicolo. La donazione c'√® stata. Onestamente la Ferragni non √® detto che sapesse che non la si poteva spacciare cos√¨ ai consumatori. Faroe una multa di un milione e solo di 420mila EUR a balocco??,Neutrale,3
Fa ridere che cerca di scusarsi usando la scusa della beneficienza (fatta coi soldi degli altri),Contro Chiara Ferragni,3
Fingeremo stupore,Neutrale,3
Vabb√® allora io sono Babbo Natale,Neutrale,3
Tanto il miglior pandoro commerciale √® sempre stato quello Melegatti.,Neutrale,3
Ecco perch√© qui in Istanbul ci sono panettoni Balocco (fatti chiaramente per il mercato italiano) a basso prezzo ovunque! Vista la figura di merda hanno dovuto vendere le scorte moooolto lontano. E io l'ho pure comprato (prima di leggere la notizia).,Neutrale,3
"Eh si √® stata ""disattenta""",Neutrale,3
Ma chiedere di riesumare le ghigliottine √® troppo? O troppo poco?,Neutrale,3
"Al posto che darle solo una multa per ingrassare le tasche dello stato, l‚Äôavrei obbligata a fare una donazione pari al valore della multa all‚Äôospedale stesso‚Ä¶",Neutrale,3
"""prestare attenzione"", lol",Neutrale,3
"Gli dovrebbero far fare alla Ferragni una bella camminata stile walk of shame nei reparti Pediatria Oncologia, in stile Ceresei Lannister Trono di spade davanti ai bambini e alle famiglie.",Contro Chiara Ferragni,3
le vere donazioni sono quelle che non si pubblicizzano,Neutrale,3
